PLAYER_ID,PLAYER_NAME,NICKNAME,TEAM_ID,TEAM_ABBREVIATION,AGE,GP,W,L,W_PCT,MIN,FGM,FGA,FG_PCT,FG3M,FG3A,FG3_PCT,FTM,FTA,FT_PCT,OREB,DREB,REB,AST,TOV,STL,BLK,BLKA,PF,PFD,PTS,PLUS_MINUS,NBA_FANTASY_PTS,DD2,TD3,WNBA_FANTASY_PTS,GP_RANK,W_RANK,L_RANK,W_PCT_RANK,MIN_RANK,FGM_RANK,FGA_RANK,FG_PCT_RANK,FG3M_RANK,FG3A_RANK,FG3_PCT_RANK,FTM_RANK,FTA_RANK,FT_PCT_RANK,OREB_RANK,DREB_RANK,REB_RANK,AST_RANK,TOV_RANK,STL_RANK,BLK_RANK,BLKA_RANK,PF_RANK,PFD_RANK,PTS_RANK,PLUS_MINUS_RANK,NBA_FANTASY_PTS_RANK,DD2_RANK,TD3_RANK,WNBA_FANTASY_PTS_RANK,TEAM_COUNT,SALARY,performance_score,availability,risk_adj_performance,value_per_million,expected_performance,alpha
1631100,AJ Griffin,AJ,1610612737,ATL,19.0,72,34,38,0.472,19.5,3.4,7.4,0.465,1.4,3.6,0.39,0.6,0.7,0.894,0.5,1.6,2.1,1.0,0.6,0.6,0.2,0.3,1.2,0.6,8.9,0.9,14.6,0,0,14.9,102,149,69,326,260,208,199,240,148,166,117,365,403,61,327,372,377,339,382,256,372,268,394,422,217,169,287,253,39,273,1,3536160,14.419999999999998,0.8780487804878049,12.661463414634145,3.5805685870079818,13.513250009261458,-0.8517865946273133
203932,Aaron Gordon,Aaron,1610612743,DEN,27.0,68,45,23,0.662,30.2,6.3,11.2,0.564,0.9,2.5,0.347,2.8,4.6,0.608,2.4,4.1,6.6,3.0,1.4,0.8,0.8,1.0,1.9,3.6,16.3,7.6,31.8,11,0,29.8,133,35,303,64,107,75,106,68,244,244,259,72,48,455,24,90,56,121,144,151,65,32,205,58,82,4,77,56,39,89,1,20690909,31.419999999999995,0.8292682926829268,26.055609756097557,1.2592781571895926,22.727662109947467,3.32794764615009
1628988,Aaron Holiday,Aaron,1610612737,ATL,26.0,63,32,31,0.508,13.4,1.5,3.5,0.418,0.6,1.4,0.409,0.4,0.5,0.844,0.4,0.8,1.2,1.4,0.6,0.6,0.2,0.3,1.3,0.8,3.9,0.3,9.2,0,0,8.6,189,178,164,255,383,418,401,399,325,359,66,416,434,129,378,486,477,260,387,251,345,315,377,356,415,212,413,253,39,416,1,1968175,8.939999999999998,0.7682926829268293,6.868536585365852,3.4897997309008866,12.671030752209422,-5.8024941668435694
1630174,Aaron Nesmith,Aaron,1610612754,IND,23.0,73,30,43,0.411,24.9,3.5,8.1,0.427,1.6,4.3,0.366,1.6,1.9,0.838,0.8,2.9,3.8,1.3,1.0,0.8,0.5,0.6,3.2,1.9,10.1,-2.9,19.3,1,0,19.3,92,207,37,402,179,207,172,372,124,126,196,152,179,140,207,189,202,275,221,167,146,101,17,150,174,453,211,192,39,198,1,3804360,19.009999999999998,0.8902439024390244,16.923536585365852,4.448458238801232,13.65730955367123,3.2662270316946227
1630598,Aaron Wiggins,Aaron,1610612760,OKC,24.0,70,37,33,0.529,18.5,2.7,5.2,0.512,0.7,1.7,0.393,0.8,1.0,0.831,1.0,2.0,3.0,1.1,0.8,0.6,0.2,0.5,1.6,0.9,6.8,0.1,13.7,1,0,13.2,116,110,138,220,284,270,299,126,297,325,105,286,310,156,170,315,273,322,303,270,324,171,296,331,283,225,305,192,39,305,1,1563518,13.249999999999996,0.8536585365853658,11.310975609756094,7.234311091881318,12.45367540894982,-1.1426997991937267
201143,Al Horford,Al,1610612738,BOS,37.0,63,44,19,0.698,30.5,3.6,7.6,0.476,2.3,5.2,0.446,0.2,0.3,0.714,1.2,5.0,6.2,3.0,0.6,0.5,1.0,0.1,1.9,0.5,9.8,4.9,25.5,7,0,24.2,189,40,346,33,97,188,189,214,48,81,28,472,473,354,133,60,67,119,378,314,36,439,197,428,185,23,131,86,39,136,1,26500000,25.340000000000003,0.7682926829268293,19.468536585365857,0.7346617579383342,25.847926848556362,-6.379390263190505
202692,Alec Burks,Alec,1610612765,DET,31.0,51,12,39,0.235,22.0,3.9,9.0,0.436,1.9,4.7,0.414,3.0,3.7,0.814,0.4,2.7,3.1,2.2,1.1,0.7,0.2,0.3,1.9,2.7,12.8,-0.1,21.4,0,0,21.9,292,404,60,495,220,163,148,340,85,104,57,65,71,182,386,209,263,175,195,172,389,304,196,90,124,255,179,253,39,162,1,10012800,20.870000000000005,0.6219512195121951,12.980121951219514,1.2963528634567267,16.99207852419846,-4.0119565729789475
1627936,Alex Caruso,Alex,1610612741,CHI,29.0,67,33,34,0.493,23.5,1.9,4.3,0.455,0.8,2.3,0.364,0.9,1.1,0.808,0.6,2.3,2.9,2.9,1.1,1.5,0.7,0.2,2.4,1.6,5.6,3.0,18.7,1,0,16.5,145,162,121,292,197,356,352,269,260,283,207,278,299,193,285,270,285,126,193,18,76,343,101,199,339,57,221,192,39,242,1,9030000,18.380000000000003,0.8170731707317073,15.017804878048782,1.6631013153985363,16.46418247555594,-1.4463775975071584
1629599,Amir Coffey,Amir,1610612746,LAC,26.0,50,26,24,0.52,12.5,1.1,2.9,0.386,0.2,0.8,0.275,1.0,1.3,0.778,0.3,0.7,1.1,1.1,0.4,0.1,0.1,0.3,1.0,0.9,3.4,-2.3,6.6,0,0,6.3,294,253,285,234,403,462,440,467,424,421,412,257,265,236,403,496,483,334,441,494,446,259,433,321,439,432,468,253,39,464,1,3395062,6.369999999999999,0.6097560975609756,3.884146341463414,1.144057558142801,13.437461367959706,-9.553315026496293
203083,Andre Drummond,Andre,1610612741,CHI,29.0,67,32,35,0.478,12.7,2.5,4.1,0.606,0.0,0.0,0.0,1.0,1.9,0.536,2.1,4.6,6.6,0.5,1.1,0.7,0.4,0.4,1.7,1.6,6.0,0.4,16.8,8,0,15.2,145,178,100,319,397,286,359,48,492,509,492,248,194,479,42,72,55,472,200,204,181,198,245,191,324,204,244,80,39,265,1,3200000,16.319999999999997,0.8170731707317073,13.33463414634146,4.1670731707317055,13.332686786111612,0.001947360229847206
1629614,Andrew Nembhard,Andrew,1610612754,IND,23.0,75,32,43,0.427,27.6,3.8,8.6,0.441,1.2,3.5,0.35,0.7,0.8,0.79,0.5,2.2,2.7,4.5,1.7,0.9,0.2,0.3,2.4,1.6,9.5,-3.5,21.1,5,0,20.1,70,178,37,382,145,177,154,317,176,172,248,336,358,216,340,287,317,64,112,103,365,243,98,204,193,475,183,105,39,186,1,2244111,20.240000000000002,0.9146341463414634,18.512195121951223,8.24923326963382,12.819245571173832,5.69294955077739
1629014,Anfernee Simons,Anfernee,1610612757,POR,24.0,62,27,35,0.435,35.0,7.5,16.9,0.447,3.4,9.1,0.377,2.6,2.9,0.894,0.3,2.3,2.6,4.1,2.1,0.7,0.2,0.7,2.3,2.1,21.1,-1.2,30.9,0,0,33.0,203,238,100,374,27,45,39,298,8,7,154,83,101,60,430,269,325,79,72,200,313,82,114,136,42,353,84,253,39,63,1,22321429,29.92,0.7560975609756098,22.622439024390246,1.0134852488337662,23.603471089630617,-0.9810320652403703
203076,Anthony Davis,Anthony,1610612747,LAL,30.0,56,31,25,0.554,34.0,9.7,17.2,0.563,0.3,1.3,0.257,6.2,7.9,0.784,3.5,9.1,12.5,2.6,2.2,1.1,2.0,1.0,2.6,5.9,25.9,3.7,52.0,40,0,47.6,253,191,268,178,45,14,36,69,391,370,427,10,11,226,4,5,1,145,60,70,6,24,67,10,17,44,5,6,39,10,1,37980720,50.8,0.6829268292682927,34.69268292682927,0.913428785100158,32.01462070648386,2.67806222034541
1630162,Anthony Edwards,Anthony,1610612750,MIN,21.0,79,40,39,0.506,36.0,8.9,19.5,0.459,2.7,7.3,0.369,4.0,5.3,0.756,0.6,5.2,5.8,4.4,3.3,1.6,0.7,0.7,2.4,3.5,24.6,1.2,41.9,9,0,42.2,27,74,60,261,11,20,15,255,28,24,187,41,35,286,300,57,78,70,15,10,70,66,106,61,23,144,26,70,39,21,1,10733400,40.110000000000014,0.9634146341463414,38.64256097560977,3.600216238620546,17.379137837030978,21.26342313857879
1630264,Anthony Gill,Anthony,1610612764,WAS,30.0,59,21,38,0.356,10.6,1.2,2.2,0.538,0.1,0.5,0.138,0.8,1.1,0.731,0.6,1.1,1.7,0.6,0.3,0.1,0.2,0.2,1.2,1.0,3.3,-0.2,6.9,0,0,6.3,230,303,69,434,435,451,473,94,467,461,477,290,289,332,284,456,419,447,488,498,332,396,401,309,444,265,459,253,39,463,1,1836090,6.69,0.7195121951219512,4.813536585365854,2.6216234418606135,12.600083306559293,-7.78654672119344
1630559,Austin Reaves,Austin,1610612747,LAL,25.0,64,35,29,0.547,28.8,4.0,7.7,0.529,1.3,3.4,0.398,3.6,4.1,0.864,0.5,2.5,3.0,3.4,1.5,0.5,0.3,0.3,1.7,3.7,13.0,3.3,22.6,1,0,22.4,181,137,199,193,125,155,186,105,158,182,91,52,60,95,326,242,272,108,123,297,255,281,260,50,121,46,169,192,39,155,1,1563518,21.85,0.7804878048780488,17.053658536585367,10.907235181549153,12.45367540894982,4.5999831276355465
203085,Austin Rivers,Austin,1610612750,MIN,30.0,52,25,27,0.481,19.5,1.8,4.0,0.435,0.8,2.4,0.35,0.6,0.8,0.769,0.1,1.5,1.6,1.4,0.4,0.5,0.1,0.3,1.5,0.9,4.9,-2.7,10.4,0,0,10.0,283,262,229,315,256,380,362,342,257,270,250,366,374,254,509,382,437,251,436,284,468,318,310,329,370,447,384,253,39,389,1,2905851,10.120000000000001,0.6341463414634146,6.4175609756097565,2.2084962290254238,13.174689131642596,-6.75712815603284
1630245,Ayo Dosunmu,Ayo,1610612741,CHI,23.0,80,40,40,0.5,26.2,3.5,7.1,0.493,0.7,2.4,0.312,0.8,1.0,0.805,0.6,2.2,2.8,2.6,1.2,0.8,0.3,0.6,2.3,0.8,8.6,-1.0,17.8,0,0,16.9,15,74,54,264,160,201,209,169,287,271,359,292,306,198,312,286,302,149,174,159,232,104,118,343,228,329,229,253,39,237,1,1563518,17.359999999999996,0.975609756097561,16.936585365853656,10.832357136824555,12.45367540894982,4.4829099569038355
1628389,Bam Adebayo,Bam,1610612748,MIA,25.0,75,40,35,0.533,34.6,8.0,14.9,0.54,0.0,0.2,0.083,4.3,5.4,0.806,2.5,6.7,9.2,3.2,2.5,1.2,0.8,0.7,2.8,4.8,20.4,1.6,39.7,31,0,36.7,70,74,100,217,34,33,58,91,491,491,487,36,34,196,21,19,19,114,45,43,54,92,50,23,51,122,35,18,39,42,1,30351780,38.489999999999995,0.9146341463414634,35.204268292682926,1.1598749164853899,27.916851799960803,7.287416492722123
1627732,Ben Simmons,Ben,1610612751,BKN,26.0,42,24,18,0.571,26.3,3.2,5.6,0.566,0.0,0.0,0.0,0.6,1.4,0.439,1.0,5.3,6.3,6.1,2.3,1.3,0.6,0.2,3.3,1.7,6.9,1.0,26.8,4,1,23.0,335,271,365,149,159,229,281,66,492,508,492,358,246,501,175,52,66,31,54,32,106,330,12,177,276,160,122,118,17,148,1,35448672,25.86,0.5121951219512195,13.245365853658537,0.373649141317862,30.654569694911622,-17.409203841253085
1631097,Bennedict Mathurin,Bennedict,1610612754,IND,21.0,78,33,45,0.423,28.5,5.3,12.2,0.434,1.3,4.0,0.323,4.8,5.8,0.828,1.1,3.0,4.1,1.5,1.9,0.6,0.2,1.1,2.1,3.9,16.7,-2.3,24.2,0,0,25.1,38,162,27,386,131,107,84,346,167,143,339,23,26,161,139,186,171,245,82,237,372,19,163,45,79,433,143,253,39,122,1,6586800,23.42,0.9512195121951219,22.277560975609756,3.382152331270079,15.151854813729116,7.12570616188064
202687,Bismack Biyombo,Bismack,1610612756,PHX,30.0,61,33,28,0.541,14.3,2.0,3.4,0.578,0.0,0.0,0.0,0.4,1.1,0.357,1.5,2.8,4.3,0.9,0.8,0.3,1.4,0.2,1.9,1.3,4.3,0.8,15.2,3,0,13.0,214,162,214,203,360,352,404,60,492,524,492,422,284,507,94,201,153,363,286,418,12,384,214,241,396,176,273,130,39,312,1,2905851,14.709999999999997,0.7439024390243902,10.94280487804878,3.7657832001877516,13.174689131642596,-2.231884253593817
201933,Blake Griffin,Blake,1610612738,BOS,34.0,41,27,14,0.659,13.9,1.5,3.2,0.485,0.6,1.6,0.348,0.5,0.8,0.656,1.1,2.6,3.8,1.5,0.5,0.3,0.2,0.1,1.8,1.2,4.1,2.6,12.1,0,0,11.1,346,238,393,67,372,408,418,192,330,335,255,388,366,428,135,220,203,244,399,390,320,443,229,277,406,74,345,253,39,354,1,2905851,11.66,0.5,5.83,2.0062969505318753,13.174689131642596,-7.344689131642596
1626171,Bobby Portis,Bobby,1610612749,MIL,28.0,70,47,23,0.671,26.0,5.7,11.5,0.496,1.4,3.7,0.37,1.4,1.8,0.768,2.2,7.4,9.6,1.5,1.2,0.4,0.2,0.5,1.6,1.4,14.1,0.2,28.6,38,0,27.8,116,22,303,54,165,91,98,161,156,162,183,189,200,260,32,11,15,240,191,344,310,155,271,229,108,215,103,10,39,97,1,10843350,27.869999999999997,0.8536585365853658,23.791463414634144,2.1941063799134164,17.438195804621785,6.3532676100123595
1629626,Bol Bol,Bol,1610612753,ORL,23.0,70,26,44,0.371,21.5,3.7,6.8,0.546,0.4,1.6,0.265,1.2,1.5,0.759,1.0,4.8,5.8,1.0,1.6,0.4,1.2,0.3,1.3,1.2,9.1,-2.1,20.8,6,0,19.5,116,253,30,424,227,181,223,86,361,334,418,221,226,277,167,69,81,350,118,336,24,307,366,266,212,422,185,92,39,193,1,2200000,19.96,0.8536585365853658,17.039024390243902,7.7450110864745,12.79555201948308,4.243472370760822
1630538,Bones Hyland,Bones,1610612746,LAC,22.0,56,36,20,0.643,19.4,4.1,10.2,0.399,2.1,5.6,0.371,1.5,1.8,0.843,0.4,2.1,2.4,3.1,1.5,0.7,0.3,0.6,1.7,1.7,11.8,-2.3,20.7,1,0,21.3,253,126,341,84,263,152,116,443,63,61,175,169,198,130,394,313,344,117,142,189,277,98,252,184,140,435,188,192,39,172,2,2201520,20.08,0.6829268292682927,13.713170731707317,6.228955781327136,12.796368464328356,0.9168022673789604
203078,Bradley Beal,Bradley,1610612764,WAS,30.0,50,24,26,0.48,33.5,8.9,17.6,0.506,1.6,4.4,0.365,3.8,4.6,0.842,0.8,3.1,3.9,5.4,2.9,0.9,0.7,0.7,2.1,3.4,23.2,0.8,37.8,2,0,37.3,294,271,250,317,53,21,34,137,120,121,202,46,50,132,220,171,188,45,29,114,84,89,150,62,31,173,42,155,39,38,1,43279250,36.43000000000001,0.6097560975609756,22.213414634146346,0.5132578460612498,34.86064538150812,-12.647230747361775
1629634,Brandon Clarke,Brandon,1610612763,MEM,26.0,56,32,24,0.571,19.5,4.1,6.2,0.656,0.0,0.1,0.167,1.8,2.5,0.719,1.6,3.9,5.5,1.3,1.0,0.6,0.7,0.3,2.3,2.2,10.0,-0.3,21.4,6,0,19.4,253,178,285,149,259,149,247,21,485,498,469,139,128,350,77,107,86,285,236,240,83,256,108,123,177,272,180,92,39,196,1,4343919,20.950000000000003,0.6829268292682927,14.307317073170735,3.2936426929624463,13.947125451218552,0.3601916219521826
1627742,Brandon Ingram,Brandon,1610612740,NOP,25.0,45,23,22,0.511,34.2,9.0,18.6,0.484,1.4,3.6,0.39,5.3,6.0,0.882,0.5,5.0,5.5,5.8,3.3,0.7,0.4,0.8,2.6,4.9,24.7,2.1,40.1,6,2,39.7,321,281,315,253,44,19,20,194,141,163,115,18,22,68,329,64,90,36,14,181,166,49,75,21,22,91,33,92,11,31,1,31650600,38.35000000000001,0.5487804878048781,21.045731707317078,0.6649394231805109,28.614493177553264,-7.568761470236186
201572,Brook Lopez,Brook,1610612749,MIL,35.0,78,57,21,0.731,30.4,6.1,11.5,0.531,1.7,4.7,0.374,1.9,2.4,0.784,2.0,4.7,6.7,1.3,1.4,0.5,2.5,0.3,2.6,2.1,15.9,5.1,33.3,11,0,31.5,38,1,327,23,99,79,96,102,103,105,167,129,133,224,43,70,52,291,150,317,3,243,68,134,86,18,67,56,39,76,1,13906976,32.79,0.9512195121951219,31.190487804878046,2.242794393610663,19.083775841168883,12.106711963709163
1628971,Bruce Brown,Bruce,1610612743,DEN,26.0,80,53,27,0.663,28.5,4.5,9.3,0.483,1.1,3.2,0.358,1.5,1.9,0.758,0.8,3.3,4.1,3.4,1.5,1.1,0.6,0.5,2.4,1.5,11.5,0.4,25.1,3,1,23.6,15,6,229,63,130,135,141,197,195,202,223,177,184,280,232,155,168,109,126,61,89,165,100,216,143,203,137,130,17,144,1,6479000,24.369999999999997,0.975609756097561,23.77560975609756,3.6696418824043153,15.09395168588656,8.681658070210998
1627741,Buddy Hield,Buddy,1610612754,IND,30.0,80,35,45,0.438,31.0,5.9,13.0,0.458,3.6,8.5,0.425,1.3,1.6,0.822,0.8,4.2,5.0,2.8,1.7,1.2,0.3,0.5,2.0,0.9,16.8,-1.1,29.7,3,0,31.2,15,137,27,372,90,83,81,260,7,9,44,198,220,168,213,88,109,131,101,47,232,141,190,339,77,337,97,130,39,80,1,21177750,28.95,0.975609756097561,28.24390243902439,1.3336592621512857,22.989161336867667,5.254741102156721
203468,CJ McCollum,CJ,1610612740,NOP,31.0,75,38,37,0.507,35.3,7.8,17.9,0.437,2.8,7.2,0.389,2.4,3.2,0.769,0.7,3.6,4.4,5.7,2.4,0.9,0.5,0.8,2.0,2.4,20.9,0.8,36.6,6,0,36.7,70,95,82,260,23,38,27,334,21,27,126,94,88,258,251,123,146,38,48,103,131,55,173,110,44,177,46,92,39,44,1,33333333,35.330000000000005,0.9146341463414634,32.31402439024391,0.9694207414015246,29.51834757480639,2.795676815437517
1631216,Caleb Houstan,Caleb,1610612753,ORL,20.0,51,20,31,0.392,15.9,1.3,3.6,0.363,0.9,2.7,0.338,0.3,0.4,0.833,0.7,1.3,1.9,0.6,0.4,0.2,0.1,0.1,1.2,0.3,3.8,-1.6,7.8,0,0,8.0,292,310,164,413,321,438,388,489,238,238,275,457,471,144,271,420,397,439,461,451,406,430,381,484,422,379,441,253,39,435,1,2000000,7.279999999999999,0.6219512195121951,4.52780487804878,2.26390243902439,12.688125066157376,-8.160320188108596
1628997,Caleb Martin,Caleb,1610612748,MIA,27.0,71,38,33,0.535,29.3,3.6,7.7,0.464,1.2,3.3,0.356,1.3,1.6,0.805,1.2,3.6,4.8,1.6,1.1,1.0,0.4,0.4,2.0,1.7,9.6,-0.1,21.1,2,0,20.2,109,95,138,214,119,192,184,244,185,187,229,204,222,197,117,126,117,220,201,80,160,223,172,176,191,253,182,155,39,184,1,6479000,20.31,0.8658536585365854,17.58548780487805,2.7142287088868726,15.09395168588656,2.4915361189914886
1629629,Cam Reddish,Cam,1610612757,POR,23.0,40,14,26,0.35,24.7,3.5,7.8,0.446,1.1,3.6,0.313,1.6,1.9,0.853,0.5,1.8,2.2,1.4,1.2,1.0,0.4,0.5,1.8,1.4,9.7,-4.8,17.3,0,0,17.1,350,386,250,439,180,204,179,302,199,164,357,159,190,116,347,351,367,256,187,90,219,141,233,229,188,508,237,253,39,228,2,5954454,16.839999999999996,0.4878048780487805,8.214634146341462,1.379578068172407,14.812199792590633,-6.597565646249171
1630560,Cam Thomas,Cam,1610612751,BKN,21.0,57,30,27,0.526,16.6,3.5,8.0,0.441,0.9,2.3,0.383,2.6,3.1,0.868,0.1,1.5,1.7,1.4,1.1,0.4,0.1,0.2,1.0,2.2,10.6,-0.1,15.0,0,0,15.5,246,207,229,222,309,199,176,319,240,272,139,80,96,89,502,378,423,271,205,385,428,325,441,120,162,238,277,253,39,260,1,2138160,14.590000000000002,0.6951219512195121,10.141829268292684,4.7432508644314195,12.762335605514773,-2.620506337222089
1629661,Cameron Johnson,Cameron,1610612751,BKN,27.0,42,25,17,0.595,28.6,5.3,11.3,0.47,2.5,6.1,0.404,2.4,2.9,0.842,0.8,3.6,4.4,1.9,0.9,1.2,0.3,0.6,2.0,2.2,15.5,3.7,27.2,1,0,27.2,335,262,376,121,127,106,105,227,42,50,77,95,102,133,225,127,143,200,269,40,226,103,183,125,89,43,119,192,39,104,2,5887899,26.78,0.5121951219512195,13.716585365853659,2.3296230736725714,14.776450788197671,-1.0598654223440125
1626166,Cameron Payne,Cameron,1610612756,PHX,28.0,48,27,21,0.563,20.2,3.9,9.4,0.415,1.4,3.9,0.368,1.0,1.3,0.766,0.3,2.0,2.2,4.5,1.7,0.7,0.2,0.4,1.8,1.3,10.3,1.6,20.5,3,0,20.1,302,238,327,164,247,164,136,412,142,151,190,246,249,264,446,329,365,69,110,198,372,184,226,253,167,119,191,130,39,187,1,6000000,19.84,0.5853658536585366,11.613658536585366,1.935609756097561,14.836664132671494,-3.2230055960861286
1627747,Caris LeVert,Caris,1610612739,CLE,28.0,74,45,29,0.608,30.2,4.3,10.0,0.431,1.7,4.4,0.392,1.8,2.4,0.722,0.7,3.1,3.8,3.9,1.6,1.0,0.3,0.4,2.3,2.2,12.1,2.6,24.8,1,0,24.1,79,35,199,112,106,138,119,354,108,122,108,141,134,346,257,172,197,85,121,91,234,181,112,117,135,70,141,192,39,138,1,18796296,24.009999999999998,0.9024390243902439,21.667560975609756,1.152756956775407,21.709999598341085,-0.04243862273132848
1626224,Cedi Osman,Cedi,1610612739,CLE,28.0,77,48,29,0.623,20.1,3.1,6.9,0.451,1.5,4.1,0.372,1.0,1.4,0.694,0.3,2.0,2.3,1.5,0.7,0.5,0.1,0.3,1.6,1.5,8.7,3.0,14.8,1,0,15.2,46,16,199,104,249,233,220,282,132,139,174,259,242,381,417,328,358,243,343,322,400,291,292,218,224,58,283,192,39,267,1,7426088,14.46,0.9390243902439024,13.57829268292683,1.8284583596271453,15.602665577743242,-2.0243728948164126
1629002,Chimezie Metu,Chimezie,1610612758,SAC,26.0,66,41,25,0.621,10.4,2.0,3.3,0.589,0.1,0.6,0.237,0.8,1.1,0.74,0.7,2.3,3.0,0.6,0.5,0.3,0.3,0.2,1.2,0.9,4.9,1.3,10.8,0,0,9.9,162,65,268,106,438,351,412,58,447,451,450,295,295,317,262,272,274,432,419,394,239,398,385,315,371,137,375,253,39,394,1,1910860,10.450000000000001,0.8048780487804879,8.410975609756099,4.401670247823545,12.640244873060109,-4.22926926330401
1628449,Chris Boucher,Chris,1610612761,TOR,30.0,76,39,37,0.513,20.0,3.4,7.0,0.493,0.8,2.5,0.328,1.7,2.2,0.762,2.1,3.5,5.5,0.4,0.5,0.6,0.8,0.5,1.9,1.8,9.4,-0.2,20.4,9,0,19.0,55,89,82,249,250,210,213,167,263,256,327,147,158,272,40,139,85,488,398,233,51,175,211,166,199,267,192,70,39,202,1,12690000,20.050000000000004,0.926829268292683,18.5829268292683,1.4643756366641687,18.43009572141636,0.152831107851938
1630537,Chris Duarte,Chris,1610612754,IND,26.0,46,19,27,0.413,19.5,2.7,7.2,0.369,1.2,3.8,0.316,1.3,1.6,0.847,0.4,2.1,2.5,1.4,0.9,0.5,0.2,0.4,1.4,1.4,7.9,-2.5,14.3,0,0,14.4,315,324,229,398,257,266,205,484,183,156,349,197,224,125,365,307,332,265,268,278,338,194,342,220,248,439,292,253,39,281,1,3936960,13.75,0.5609756097560976,7.713414634146342,1.9592311413238492,13.728533623726172,-6.01511898957983
101108,Chris Paul,Chris,1610612756,PHX,38.0,59,33,26,0.559,32.0,5.0,11.3,0.44,1.7,4.4,0.375,2.3,2.7,0.831,0.5,3.8,4.3,8.9,1.9,1.5,0.4,0.1,2.1,2.4,13.9,1.4,36.1,17,0,32.5,230,162,250,168,78,117,101,322,111,119,158,103,110,153,344,113,154,5,84,13,205,470,152,111,112,129,49,39,39,66,1,28400000,35.26,0.7195121951219512,25.369999999999997,0.8933098591549296,26.868482905150568,-1.4984829051505706
1631128,Christian Braun,Christian,1610612743,DEN,22.0,76,49,27,0.645,15.5,1.9,3.8,0.495,0.4,1.3,0.354,0.5,0.8,0.625,0.6,1.8,2.4,0.8,0.5,0.5,0.2,0.3,1.3,0.6,4.7,-1.5,10.6,0,0,9.9,55,15,229,83,329,364,371,163,356,377,236,384,353,445,281,351,348,406,428,283,316,250,363,411,378,367,379,253,39,397,1,2808600,10.13,0.926829268292683,9.38878048780488,3.3428685066598587,13.122452238453205,-3.733671750648325
1631132,Christian Koloko,Christian,1610612761,TOR,23.0,58,29,29,0.5,13.8,1.2,2.6,0.48,0.0,0.2,0.083,0.6,1.0,0.627,1.4,1.5,2.9,0.5,0.3,0.4,1.0,0.3,2.2,0.8,3.1,2.7,11.2,0,0,9.3,240,220,199,264,373,445,456,203,486,484,487,342,308,444,96,382,282,453,466,375,35,234,135,341,449,68,368,253,39,403,1,1500000,11.080000000000002,0.7073170731707317,7.837073170731708,5.224715447154472,12.41955768284311,-4.582484512111401
1626174,Christian Wood,Christian,1610612742,DAL,27.0,67,33,34,0.493,25.9,5.9,11.5,0.515,1.6,4.2,0.376,3.2,4.2,0.772,1.3,6.0,7.3,1.8,1.8,0.4,1.1,0.6,2.5,4.1,16.6,-0.7,30.9,12,0,30.4,145,162,121,292,166,86,97,124,125,133,156,61,57,250,110,31,42,205,94,326,29,110,79,40,80,305,85,53,39,85,1,14317459,29.859999999999996,0.8170731707317073,24.397804878048774,1.7040596992838446,19.304260531578862,5.093544346469912
203991,Clint Capela,Clint,1610612737,ATL,29.0,65,35,30,0.538,26.6,5.4,8.2,0.653,0.0,0.0,0.0,1.2,2.0,0.603,4.0,7.1,11.0,0.9,0.8,0.7,1.2,0.4,2.1,1.9,12.0,-0.5,31.5,35,0,27.7,171,137,184,207,154,103,167,22,492,520,492,212,171,457,3,15,7,372,293,192,23,199,151,149,138,291,81,14,39,99,1,18206896,31.05,0.7926829268292683,24.61280487804878,1.3518397028273672,21.39341236689023,3.2193925111585493
1629632,Coby White,Coby,1610612741,CHI,23.0,74,37,37,0.5,23.4,3.6,8.0,0.443,1.7,4.6,0.372,0.8,0.9,0.871,0.2,2.6,2.9,2.8,1.0,0.7,0.1,0.3,1.6,1.3,9.7,1.9,18.7,1,0,18.6,79,110,82,264,200,197,174,311,104,107,171,293,334,83,467,217,291,134,225,177,462,254,269,256,189,102,223,192,39,208,1,7413955,18.279999999999998,0.9024390243902439,16.496585365853658,2.22507222742162,15.596148521619739,0.9004368442339192
1630175,Cole Anthony,Cole,1610612753,ORL,23.0,60,28,32,0.467,25.9,4.6,10.2,0.454,1.3,3.4,0.364,2.5,2.8,0.894,0.8,4.0,4.8,3.9,1.5,0.6,0.5,0.4,2.6,2.1,13.0,-0.4,26.5,1,0,25.3,222,230,156,338,169,125,117,273,174,176,208,87,104,59,236,98,120,81,130,235,125,222,64,139,120,288,123,192,39,119,1,3613680,25.66,0.7317073170731707,18.77560975609756,5.1957034812428216,13.5548886963705,5.220721059727058
1629012,Collin Sexton,Collin,1610612762,UTA,24.0,48,24,24,0.5,23.9,4.9,9.8,0.506,1.0,2.5,0.393,3.4,4.1,0.819,0.8,1.4,2.2,2.9,1.8,0.6,0.1,1.1,2.3,3.6,14.3,-0.6,21.5,1,0,21.7,302,271,285,264,192,118,130,135,214,245,105,55,59,175,240,397,369,127,98,266,423,20,109,55,105,299,177,192,39,167,1,16700000,20.69,0.5853658536585366,12.111219512195122,0.7252227252811451,20.584006135596766,-8.472786623401644
1630557,Corey Kispert,Corey,1610612764,WAS,24.0,74,31,43,0.419,28.3,3.9,7.9,0.497,2.2,5.2,0.424,1.0,1.2,0.852,0.4,2.4,2.8,1.2,0.7,0.4,0.1,0.5,1.3,0.9,11.1,-1.7,17.1,0,0,18.4,79,191,37,389,138,162,177,159,55,78,45,247,277,118,349,264,295,313,324,334,432,154,367,322,153,381,241,253,39,211,1,3552840,16.709999999999997,0.9024390243902439,15.079756097560974,4.244423080566807,13.522209417168822,1.5575466803921518
202709,Cory Joseph,Cory,1610612765,DET,31.0,62,12,50,0.194,19.8,2.4,5.7,0.427,1.1,2.9,0.389,0.9,1.2,0.792,0.3,1.4,1.7,3.5,0.9,0.5,0.1,0.3,1.4,1.2,6.9,-1.8,15.4,0,0,14.6,203,404,14,511,254,291,278,371,197,223,120,265,283,212,404,407,416,98,264,274,399,266,341,268,281,388,267,253,39,276,1,5155500,14.640000000000002,0.7560975609756098,11.06926829268293,2.1470794865062417,14.383053822253702,-3.3137855295707723
1626156,D'Angelo Russell,D'Angelo,1610612747,LAL,27.0,71,39,32,0.549,32.5,6.3,13.4,0.469,2.7,6.9,0.396,2.5,3.0,0.829,0.5,2.5,3.0,6.2,2.6,1.0,0.4,0.3,2.0,2.6,17.8,1.2,32.2,9,0,32.5,109,89,156,187,70,77,72,229,25,35,97,89,97,159,335,235,271,28,41,89,176,255,185,95,70,146,73,70,39,67,2,31377750,31.000000000000007,0.8658536585365854,26.841463414634152,0.8554298321146083,28.467935956478676,-1.6264725418445245
1630227,Daishen Nix,Daishen,1610612745,HOU,21.0,57,15,42,0.263,16.0,1.4,4.2,0.342,0.7,2.5,0.286,0.4,0.6,0.667,0.3,1.4,1.7,2.3,1.5,0.5,0.1,0.2,1.0,0.7,4.0,-2.6,10.0,0,0,10.0,246,369,42,480,317,423,355,503,294,263,396,420,404,403,422,401,414,167,132,277,428,351,427,379,411,443,399,253,39,387,1,1563518,9.040000000000001,0.6951219512195121,6.2839024390243905,4.019079050592568,12.45367540894982,-6.16977296992543
1627745,Damian Jones,Damian,1610612762,UTA,28.0,41,12,29,0.293,11.6,1.3,2.1,0.64,0.2,0.4,0.588,0.5,0.7,0.759,1.0,2.0,3.0,0.4,0.6,0.2,0.5,0.3,1.3,0.8,3.5,-2.0,9.1,1,0,8.5,346,404,199,464,419,431,482,29,422,469,7,380,386,279,155,330,279,491,389,468,127,308,361,365,437,415,418,192,39,423,2,2298385,8.899999999999999,0.5,4.449999999999999,1.936142117182282,12.848398023497829,-8.39839802349783
203081,Damian Lillard,Damian,1610612757,POR,32.0,58,27,31,0.466,36.3,9.6,20.7,0.463,4.2,11.3,0.371,8.8,9.6,0.914,0.8,4.0,4.8,7.3,3.3,0.9,0.3,0.8,1.9,7.1,32.2,1.8,49.1,16,2,50.8,240,238,164,343,8,15,4,246,3,2,179,3,5,44,242,97,122,13,13,121,244,57,213,5,3,109,9,41,11,5,1,42492492,47.56,0.7073170731707317,33.64,0.7916692671260608,34.438050306784994,-0.7980503067849938
1627814,Damion Lee,Damion,1610612756,PHX,30.0,74,40,34,0.541,20.4,2.7,6.1,0.442,1.5,3.3,0.445,1.3,1.4,0.904,0.5,2.5,3.0,1.3,1.1,0.4,0.1,0.2,1.6,1.4,8.2,1.1,14.3,0,0,15.0,79,74,121,204,242,265,252,312,136,185,29,206,241,54,321,241,268,276,216,349,448,372,287,228,237,151,293,253,39,270,1,2133278,13.6,0.9024390243902439,12.273170731707317,5.753198004061036,12.759713313584092,-0.48654258187677435
1629655,Daniel Gafford,Daniel,1610612764,WAS,24.0,78,32,46,0.41,20.6,3.7,5.1,0.732,0.0,0.0,0.0,1.6,2.4,0.679,2.1,3.5,5.6,1.1,1.1,0.4,1.3,0.4,2.4,2.2,9.0,-1.1,21.3,10,0,19.1,38,178,24,403,238,184,307,9,492,524,492,153,137,397,39,140,84,332,210,341,19,227,97,125,214,346,181,64,39,201,1,1930681,20.82,0.9512195121951219,19.80439024390244,10.25772266050292,12.650891421269453,7.1534988226329865
1629647,Darius Bazley,Darius,1610612756,PHX,23.0,43,19,24,0.442,14.3,1.9,4.3,0.454,0.5,1.2,0.377,0.9,1.6,0.543,0.8,2.4,3.2,0.9,0.6,0.5,0.8,0.6,1.0,1.2,5.2,-1.6,13.7,0,0,12.4,327,324,285,368,359,359,353,277,352,380,153,277,217,477,231,257,255,378,367,300,59,108,430,273,353,376,306,253,39,325,2,4264628,13.389999999999999,0.524390243902439,7.0215853658536584,1.6464707744388627,13.90453549843781,-6.882950132584151
1629636,Darius Garland,Darius,1610612739,CLE,23.0,69,40,29,0.58,35.5,7.6,16.4,0.462,2.4,6.0,0.41,4.0,4.7,0.863,0.4,2.3,2.7,7.8,2.9,1.2,0.1,0.8,2.1,4.3,21.6,6.3,37.7,18,0,37.2,123,74,199,144,22,44,42,247,43,54,64,42,47,97,369,277,314,10,30,37,417,60,147,32,37,10,43,35,39,39,1,8920794,36.09,0.8414634146341463,30.368414634146344,3.4042277665134226,16.405524136231506,13.962890497914838
1631223,David Roddy,David,1610612763,MEM,22.0,70,44,26,0.629,18.0,2.6,6.0,0.429,0.9,3.0,0.307,0.6,0.9,0.631,0.7,2.0,2.8,0.8,0.8,0.4,0.3,0.3,1.5,0.8,6.7,-0.9,12.5,0,0,12.6,116,40,250,97,295,275,257,364,234,214,372,363,336,441,260,315,301,388,299,344,273,236,316,348,292,326,333,253,39,321,1,2588640,12.16,0.8536585365853658,10.38048780487805,4.010015994838235,13.004304075185592,-2.623816270307543
1630558,Davion Mitchell,Davion,1610612758,SAC,24.0,80,47,33,0.588,18.1,2.3,5.0,0.454,0.8,2.5,0.32,0.3,0.4,0.806,0.2,1.1,1.3,2.3,0.8,0.6,0.2,0.2,1.4,1.2,5.6,0.0,12.1,0,0,11.5,15,22,138,130,291,309,313,276,271,261,345,453,464,194,475,446,463,169,314,273,348,411,344,275,335,233,344,253,39,343,1,4833600,11.809999999999999,0.975609756097561,11.521951219512193,2.383720460839166,14.210150140875978,-2.688198921363785
1628432,Davon Reed,Davon,1610612743,DEN,28.0,43,29,14,0.674,8.0,0.7,2.0,0.333,0.4,1.1,0.37,0.4,0.6,0.667,0.2,1.1,1.4,0.5,0.5,0.3,0.1,0.1,0.9,0.3,2.1,-2.3,5.4,0,0,5.3,327,220,393,52,476,499,488,507,378,394,184,438,423,403,460,441,456,452,425,387,450,426,452,471,489,434,489,253,39,486,2,1902133,4.9799999999999995,0.524390243902439,2.611463414634146,1.3729131530939982,12.63555729795174,-10.024093883317594
1630549,Day'Ron Sharpe,Day'Ron,1610612751,BKN,21.0,48,22,26,0.458,11.5,1.9,3.6,0.544,0.1,0.2,0.545,0.7,1.1,0.636,2.1,2.1,4.2,0.8,0.9,0.3,0.7,0.4,1.9,0.9,4.7,-2.1,12.9,2,0,11.8,302,290,250,350,423,357,390,88,449,480,9,312,287,439,41,305,162,407,271,408,81,230,219,316,379,423,323,155,39,340,1,2109480,12.590000000000002,0.5853658536585366,7.369756097560976,3.4936363926469918,12.746930580407867,-5.377174482846891
1628368,De'Aaron Fox,De'Aaron,1610612758,SAC,25.0,73,44,29,0.603,33.4,9.3,18.2,0.512,1.6,5.0,0.324,4.7,6.0,0.78,0.5,3.6,4.2,6.1,2.5,1.1,0.3,0.7,2.4,4.7,25.0,2.4,41.1,11,0,39.9,92,40,199,118,55,17,23,126,114,88,336,27,23,233,315,122,159,30,46,48,240,70,105,25,20,80,30,56,39,30,1,30351780,39.63999999999999,0.8902439024390244,35.28926829268292,1.1626754112174942,27.916851799960803,7.372416492722117
1629631,De'Andre Hunter,De'Andre,1610612737,ATL,25.0,67,35,32,0.522,31.7,5.7,12.3,0.461,1.5,4.3,0.35,2.6,3.1,0.826,0.7,3.6,4.2,1.4,1.2,0.5,0.3,0.7,3.0,3.3,15.4,-0.3,23.7,1,0,24.0,145,137,156,229,81,94,83,251,135,127,249,85,93,162,267,131,157,262,180,291,290,76,35,66,90,273,154,192,39,139,1,9835881,23.139999999999997,0.8170731707317073,18.907073170731703,1.9222551768094491,16.89704917842131,2.010023992310394
1629001,De'Anthony Melton,De'Anthony,1610612755,PHI,25.0,77,50,27,0.649,27.9,3.6,8.5,0.425,2.0,5.2,0.39,0.9,1.1,0.793,0.9,3.2,4.1,2.6,1.3,1.6,0.5,0.3,2.5,1.0,10.1,1.3,24.0,0,0,23.1,46,13,229,78,144,191,159,376,68,76,118,274,290,211,193,169,178,150,161,8,123,253,84,308,173,138,148,253,39,147,1,8250000,23.270000000000003,0.9390243902439024,21.85109756097561,2.6486178861788616,16.04521735758569,5.805880203389922
201942,DeMar DeRozan,DeMar,1610612741,CHI,33.0,74,37,37,0.5,36.2,8.9,17.6,0.504,0.6,1.9,0.324,6.2,7.1,0.872,0.5,4.2,4.6,5.1,2.1,1.1,0.5,0.8,2.5,5.4,24.5,0.9,40.5,6,0,38.1,79,110,82,264,9,22,32,138,313,314,338,11,14,80,342,86,130,54,71,53,137,45,82,18,24,163,31,92,39,36,1,27300000,39.32,0.9024390243902439,35.48390243902439,1.2997766461181095,26.277634661859185,9.206267777165206
1629731,Dean Wade,Dean,1610612739,CLE,26.0,44,30,14,0.682,20.3,1.7,4.0,0.412,1.0,2.9,0.354,0.3,0.5,0.652,0.5,3.0,3.4,0.8,0.4,0.6,0.5,0.2,2.0,0.6,4.7,2.5,13.0,0,0,12.2,325,207,393,46,245,395,361,414,213,225,234,444,430,430,345,188,240,389,449,222,140,414,175,406,381,79,321,253,39,327,1,1930681,12.680000000000001,0.5365853658536586,6.803902439024392,3.5240945754500053,12.650891421269453,-5.846988982245061
1629028,Deandre Ayton,Deandre,1610612756,PHX,24.0,67,36,31,0.537,30.4,7.8,13.2,0.589,0.1,0.4,0.292,2.3,3.0,0.76,2.6,7.4,10.0,1.7,1.8,0.6,0.8,0.6,2.8,2.5,18.0,-0.1,34.7,36,0,32.4,145,126,164,209,100,41,75,59,457,473,390,100,99,275,19,12,12,211,95,272,58,114,42,103,68,243,60,11,39,68,1,30913750,34.04999999999999,0.8170731707317073,27.821341463414623,0.8999665670911688,28.218705424763037,-0.39736396134841456
1627749,Dejounte Murray,Dejounte,1610612737,ATL,26.0,74,38,36,0.514,36.4,8.3,17.8,0.464,1.8,5.2,0.344,2.1,2.6,0.832,0.7,4.5,5.3,6.1,2.2,1.5,0.3,0.8,1.4,2.1,20.5,-0.8,39.0,8,1,37.1,79,95,91,247,7,29,30,242,98,77,266,110,120,152,257,73,98,32,62,15,285,62,337,133,49,322,36,80,17,41,1,17071120,38.11,0.9024390243902439,34.391951219512194,2.0146276998528623,20.783347590187944,13.60860362932425
1626153,Delon Wright,Delon,1610612764,WAS,31.0,50,26,24,0.52,24.4,2.8,5.8,0.474,0.8,2.4,0.345,1.0,1.2,0.867,1.2,2.4,3.6,3.9,0.9,1.8,0.3,0.3,1.2,1.6,7.4,1.4,23.2,0,0,20.0,294,253,285,234,184,259,265,220,261,269,264,242,275,92,132,253,219,83,270,4,224,300,403,194,259,132,162,253,39,188,1,7804878,22.519999999999996,0.6097560975609756,13.731707317073168,1.7593750109960933,15.806126855994464,-2.074419538921296
1630166,Deni Avdija,Deni,1610612764,WAS,22.0,76,33,43,0.434,26.6,3.3,7.6,0.437,0.9,3.1,0.297,1.6,2.2,0.739,1.0,5.4,6.4,2.8,1.6,0.9,0.4,0.5,2.8,1.8,9.2,-0.7,23.1,11,0,21.7,55,162,37,376,155,218,188,333,236,211,387,158,160,319,169,46,62,133,116,126,197,166,52,171,206,302,163,56,39,164,1,4916160,22.58,0.926829268292683,20.92780487804878,4.256941368476368,14.254495987208829,6.67330889083995
1628401,Derrick White,Derrick,1610612738,BOS,28.0,82,57,25,0.695,28.3,4.3,9.2,0.462,1.8,4.8,0.381,2.0,2.3,0.875,0.6,2.9,3.6,3.9,1.2,0.7,0.9,0.4,2.2,2.5,12.4,6.0,26.2,7,0,24.9,2,1,268,38,139,141,143,249,96,100,144,120,141,74,280,191,221,82,190,212,42,192,146,101,133,12,127,86,39,128,1,17142857,25.57,1.0,25.57,1.4915833457631946,20.821880026941578,4.748119973058422
1630217,Desmond Bane,Desmond,1610612763,MEM,25.0,58,38,20,0.655,31.7,7.8,16.2,0.479,2.9,7.0,0.408,3.1,3.5,0.883,0.7,4.3,5.0,4.4,2.2,1.0,0.4,1.3,2.6,2.6,21.5,6.1,36.0,1,0,36.4,240,95,341,70,80,42,43,207,18,33,69,64,75,67,249,83,108,73,61,92,199,12,74,97,39,11,53,192,39,45,1,2130240,35.00000000000001,0.7073170731707317,24.756097560975615,11.621271575491782,12.758081498163074,11.99801606281254
1626164,Devin Booker,Devin,1610612756,PHX,26.0,53,34,19,0.642,34.6,9.9,20.1,0.494,2.1,6.0,0.351,5.8,6.8,0.855,0.9,3.7,4.5,5.5,2.7,1.0,0.3,0.8,3.0,5.4,27.8,4.7,42.7,5,0,42.5,277,149,346,85,35,10,10,165,62,55,243,14,16,111,201,118,135,42,38,94,225,52,31,17,11,27,24,105,39,19,1,33833400,41.3,0.6463414634146342,26.693902439024388,0.7889807834573052,29.78695094615002,-3.0930485071256335
1628415,Dillon Brooks,Dillon,1610612763,MEM,27.0,73,46,27,0.63,30.3,5.4,13.6,0.396,2.0,6.0,0.326,1.6,2.1,0.779,0.6,2.7,3.3,2.6,1.4,0.9,0.2,0.5,3.3,1.8,14.3,2.8,24.1,0,0,24.5,92,32,229,95,102,104,69,448,82,51,331,151,165,234,292,208,245,147,146,118,321,135,13,168,104,64,144,253,39,130,1,11400000,23.360000000000007,0.8902439024390244,20.796097560975618,1.8242190842961068,17.73719187246556,3.058905688510059
1627734,Domantas Sabonis,Domantas,1610612758,SAC,27.0,79,47,32,0.595,34.6,7.3,11.9,0.615,0.4,1.1,0.373,4.1,5.5,0.742,3.2,9.1,12.3,7.3,2.9,0.8,0.5,0.8,3.5,4.7,19.1,2.7,45.8,65,14,41.7,27,22,156,122,36,54,88,43,379,395,168,39,29,314,11,3,2,14,28,142,136,53,6,24,64,69,14,1,2,24,1,21100000,44.36,0.9634146341463414,42.737073170731705,2.0254537047740144,22.947399108762298,19.789674061969407
1628378,Donovan Mitchell,Donovan,1610612739,CLE,26.0,68,44,24,0.647,35.8,10.0,20.6,0.484,3.6,9.3,0.386,4.7,5.4,0.867,0.9,3.3,4.3,4.4,2.6,1.5,0.4,0.8,2.5,4.1,28.3,5.0,42.9,5,0,44.3,133,40,285,80,14,8,6,193,6,5,130,28,31,91,184,154,155,71,39,19,189,48,85,38,10,20,21,105,39,15,1,30913750,41.86000000000001,0.8292682926829268,34.71317073170732,1.1229039094806461,28.218705424763037,6.494465306944285
1628978,Donte DiVincenzo,Donte,1610612744,GSW,26.0,72,42,30,0.583,26.3,3.3,7.5,0.435,2.1,5.3,0.397,0.8,1.0,0.817,1.1,3.4,4.5,3.5,1.6,1.3,0.1,0.2,1.8,1.6,9.4,1.7,23.0,4,0,22.5,102,60,184,137,158,221,193,343,64,74,96,298,323,178,141,146,136,98,122,30,404,346,220,203,197,116,166,118,39,153,1,4500000,21.85,0.8780487804878049,19.18536585365854,4.263414634146342,14.0309619827287,5.154403870929839
1627827,Dorian Finney-Smith,Dorian,1610612751,BKN,30.0,66,31,35,0.47,30.4,3.0,7.6,0.391,1.7,5.1,0.337,0.7,0.9,0.763,1.7,3.1,4.8,1.5,0.9,0.8,0.5,0.3,2.2,0.8,8.3,-0.1,19.6,2,0,19.1,162,191,100,332,98,243,190,460,105,83,280,325,342,271,65,177,121,238,248,133,113,274,142,340,231,249,207,155,39,200,2,12939848,18.86,0.8048780487804879,15.18,1.1731204261441093,18.564297768588965,-3.384297768588965
203926,Doug McDermott,Doug,1610612759,SAS,31.0,64,19,45,0.297,20.5,3.7,8.2,0.457,1.9,4.7,0.413,0.8,1.1,0.757,0.4,1.8,2.2,1.4,0.9,0.2,0.1,0.4,1.8,0.8,10.2,-3.7,14.9,0,0,16.3,181,324,27,460,239,180,169,262,88,106,60,291,298,283,393,348,373,257,263,463,449,226,222,350,169,482,280,253,39,247,1,13750000,14.49,0.7804878048780488,11.309268292682928,0.8224922394678493,18.999458574042603,-7.6901902813596745
203110,Draymond Green,Draymond,1610612744,GSW,33.0,73,41,32,0.562,31.5,3.4,6.5,0.527,0.5,1.8,0.305,1.1,1.5,0.713,0.9,6.3,7.2,6.8,2.8,1.0,0.8,0.3,3.1,2.0,8.5,4.7,30.1,11,0,26.7,92,65,156,166,84,211,233,108,334,323,373,239,233,360,190,29,46,18,34,78,53,305,23,141,229,26,92,56,39,107,1,25806468,28.540000000000003,0.8902439024390244,25.40756097560976,0.9845423626204779,25.47540669958694,-0.06784572397718236
1629234,Drew Eubanks,Drew,1610612757,POR,26.0,78,31,47,0.397,20.3,2.7,4.3,0.641,0.1,0.2,0.389,1.1,1.6,0.664,1.7,3.7,5.4,1.3,0.9,0.5,1.3,0.1,2.2,1.7,6.6,-1.7,19.7,3,0,17.1,38,191,21,412,244,260,351,26,460,479,120,237,221,423,71,117,94,283,278,299,17,453,143,186,295,382,203,130,39,232,1,1968175,19.08,0.9512195121951219,18.149268292682926,9.221369183473485,12.671030752209422,5.478237540473504
1629130,Duncan Robinson,Duncan,1610612748,MIA,29.0,42,19,23,0.452,16.4,2.1,5.6,0.371,1.5,4.6,0.328,0.7,0.8,0.906,0.2,1.5,1.6,1.1,0.7,0.3,0.0,0.1,1.8,0.8,6.4,-1.3,10.3,0,0,11.3,335,324,303,358,311,332,279,481,133,109,326,323,373,48,486,391,431,331,345,394,491,446,226,359,308,360,386,253,39,348,1,16902000,9.82,0.5121951219512195,5.029756097560976,0.2975834870169788,20.692507358455728,-15.662751260894751
203939,Dwight Powell,Dwight,1610612742,DAL,31.0,76,37,39,0.487,19.2,2.6,3.5,0.732,0.0,0.1,0.0,1.5,2.2,0.667,2.0,2.2,4.1,0.9,0.9,0.6,0.3,0.2,2.8,2.5,6.7,2.2,15.0,1,0,13.6,55,110,60,304,271,273,392,8,492,507,492,175,158,403,50,291,165,368,281,229,222,345,52,102,291,89,276,192,39,291,1,11080125,14.32,0.926829268292683,13.27219512195122,1.1978380317867552,17.565375888990257,-4.293180767039036
1630700,Dyson Daniels,Dyson,1610612740,NOP,20.0,59,33,26,0.559,17.7,1.5,3.5,0.418,0.5,1.5,0.314,0.4,0.7,0.65,0.6,2.6,3.2,2.3,1.0,0.7,0.2,0.2,1.7,0.7,3.8,-0.1,12.9,0,0,11.6,230,162,250,168,300,416,394,398,353,352,355,412,394,434,294,230,256,173,240,178,351,396,263,386,419,247,324,253,39,341,1,5508600,12.29,0.7195121951219512,8.84280487804878,1.6052726424225354,14.572716108350235,-5.729911230301456
1628410,Edmond Sumner,Edmond,1610612751,BKN,27.0,53,33,20,0.623,13.9,2.3,5.1,0.461,0.6,1.6,0.356,1.9,2.0,0.917,0.2,1.2,1.5,1.3,0.9,0.6,0.2,0.5,1.6,1.7,7.1,0.5,12.2,0,0,12.0,277,162,341,105,371,302,305,252,324,332,227,132,170,41,456,430,445,288,245,254,347,170,299,183,266,199,339,253,39,332,1,1968175,11.899999999999999,0.6463414634146342,7.691463414634145,3.907916427469176,12.671030752209422,-4.9795673375752765
201569,Eric Gordon,Eric,1610612746,LAC,34.0,69,25,44,0.362,28.5,4.2,9.5,0.446,1.9,5.2,0.371,2.1,2.5,0.821,0.2,1.7,1.9,2.7,1.5,0.6,0.4,0.4,1.1,1.9,12.4,-3.0,20.2,0,0,20.9,123,262,30,428,132,142,135,301,90,80,180,117,124,171,461,358,396,143,133,232,213,178,413,152,132,460,197,253,39,174,2,19568360,19.48,0.8414634146341463,16.39170731707317,0.8376638265584428,22.124702014803376,-5.732994697730206
1630596,Evan Mobley,Evan,1610612739,CLE,22.0,79,48,31,0.608,34.4,6.6,12.0,0.554,0.3,1.3,0.216,2.6,3.8,0.674,2.4,6.6,9.0,2.8,1.8,0.8,1.5,0.8,2.8,3.2,16.2,4.3,36.2,24,0,32.8,27,16,164,113,41,68,86,77,411,372,458,82,66,401,26,22,23,130,91,165,10,56,51,70,84,30,48,25,39,65,1,8478720,35.4,0.9634146341463414,34.104878048780485,4.022408812743019,16.168070821408964,17.93680722737152
1628373,Frank Ntilikina,Frank,1610612742,DAL,24.0,47,20,27,0.426,12.9,1.0,2.8,0.364,0.4,1.4,0.254,0.5,0.7,0.667,0.1,1.2,1.3,1.2,0.6,0.3,0.1,0.1,1.4,0.7,2.9,0.7,7.2,0,0,6.8,311,310,229,384,392,470,443,487,386,356,430,404,389,403,496,438,462,301,371,392,395,421,353,391,465,181,454,253,39,453,1,2036318,6.5600000000000005,0.573170731707317,3.76,1.8464699521391057,12.70763272661179,-8.94763272661179
1630532,Franz Wagner,Franz,1610612753,ORL,21.0,80,33,47,0.413,32.6,6.8,14.0,0.485,1.6,4.5,0.361,3.4,4.0,0.842,0.9,3.2,4.1,3.5,2.1,1.0,0.2,1.1,2.3,3.6,18.6,0.6,30.2,2,0,30.2,15,162,21,399,64,64,67,191,116,113,217,57,62,134,198,161,166,96,69,93,326,22,115,57,66,190,91,155,39,87,1,5258280,29.22,0.975609756097561,28.50731707317073,5.421414811149412,14.438260533567782,14.069056539602947
1627832,Fred VanVleet,Fred,1610612761,TOR,29.0,69,34,35,0.493,36.7,6.3,16.1,0.393,3.0,8.8,0.342,3.7,4.1,0.898,0.4,3.6,4.1,7.2,2.0,1.8,0.6,0.8,2.8,3.2,19.3,2.8,39.9,10,1,38.2,123,149,100,291,6,74,45,455,14,8,271,50,61,57,354,125,174,15,74,6,112,44,46,68,61,63,34,64,17,35,1,21250000,39.21999999999999,0.8414634146341463,33.00219512195121,1.5530444763271158,23.02796932375658,9.974225798194631
1629216,Gabe Vincent,Gabe,1610612748,MIA,27.0,68,37,31,0.544,25.9,3.4,8.3,0.402,1.7,5.1,0.334,1.0,1.1,0.872,0.4,1.7,2.1,2.5,1.4,0.9,0.1,0.3,2.3,1.4,9.4,-0.4,17.3,0,0,17.7,133,110,164,199,168,217,162,433,107,82,291,248,285,81,377,355,376,154,153,110,474,301,123,227,196,286,236,253,39,223,1,1815677,16.57,0.8292682926829268,13.740975609756097,7.567962589026626,12.589118774568105,1.151856835187992
1629726,Garrison Mathews,Garrison,1610612737,ATL,26.0,54,16,38,0.296,12.7,1.4,3.7,0.363,1.2,3.3,0.35,0.9,1.0,0.906,0.2,1.1,1.4,0.5,0.4,0.4,0.1,0.0,1.1,0.9,4.8,-1.6,8.4,0,0,8.8,270,357,69,461,395,429,376,488,190,186,244,275,324,49,473,440,459,473,462,328,452,495,410,313,376,375,433,253,39,412,2,2000000,8.13,0.6585365853658537,5.353902439024391,2.6769512195121954,12.688125066157376,-7.334222627132985
203914,Gary Harris,Gary,1610612753,ORL,28.0,48,22,26,0.458,24.7,2.9,6.4,0.45,2.0,4.5,0.431,0.6,0.6,0.9,0.4,1.6,2.0,1.2,0.6,0.9,0.3,0.3,1.9,0.8,8.3,-1.8,15.5,0,0,15.9,302,290,250,350,181,249,239,285,83,111,39,373,406,56,352,374,387,303,382,100,291,286,193,362,233,387,265,253,39,251,1,13000000,15.199999999999998,0.5853658536585366,8.897560975609753,0.6844277673545964,18.596607499071204,-9.699046523461451
201588,George Hill,George,1610612754,IND,37.0,46,27,19,0.587,18.1,1.7,3.6,0.47,0.7,2.1,0.358,0.9,1.2,0.764,0.3,1.5,1.8,2.4,0.7,0.6,0.1,0.2,1.2,1.2,5.0,0.9,12.2,0,0,11.4,315,238,346,133,290,389,383,228,285,298,225,267,276,268,416,379,403,160,325,264,417,389,397,270,359,165,340,253,39,344,2,4000000,11.809999999999999,0.5609756097560976,6.625121951219512,1.656280487804878,13.762394599414435,-7.137272648194923
1627777,Georges Niang,Georges,1610612755,PHI,30.0,78,51,27,0.654,19.4,2.8,6.4,0.442,2.0,4.9,0.401,0.5,0.6,0.867,0.2,2.1,2.4,1.0,0.7,0.4,0.2,0.2,1.9,0.6,8.2,1.0,13.5,0,0,14.7,38,10,229,71,264,252,236,315,78,92,83,389,419,92,457,298,350,349,338,355,358,398,215,403,236,159,311,253,39,275,1,3465000,13.329999999999998,0.9512195121951219,12.679756097560974,3.6593812691373664,13.475027499268172,-0.7952714017071987
203507,Giannis Antetokounmpo,Giannis,1610612749,MIL,28.0,63,47,16,0.746,32.1,11.2,20.3,0.553,0.7,2.7,0.275,7.9,12.3,0.645,2.2,9.6,11.8,5.7,3.9,0.8,0.8,1.3,3.1,9.0,31.1,5.4,54.8,46,6,52.6,189,22,379,20,74,1,8,78,284,235,413,4,1,436,35,1,4,39,3,140,56,9,24,1,5,16,4,4,5,3,1,42492492,52.76,0.7682926829268293,40.53512195121951,0.953936096551351,34.438050306784994,6.097071644434514
202330,Gordon Hayward,Gordon,1610612766,CHA,33.0,50,20,30,0.4,31.5,5.5,11.6,0.475,1.0,3.2,0.325,2.6,3.2,0.811,0.7,3.6,4.3,4.1,2.0,0.8,0.2,0.4,1.4,2.9,14.7,-2.2,27.3,2,0,26.3,294,310,184,407,83,99,92,219,207,198,332,84,87,189,272,123,150,77,80,132,301,216,344,80,101,425,118,155,39,114,1,30075000,26.009999999999998,0.6097560975609756,15.859756097560973,0.5273401861200656,27.76818363925336,-11.908427541692385
1629684,Grant Williams,Grant,1610612738,BOS,24.0,79,55,24,0.696,25.9,2.7,6.0,0.454,1.5,3.7,0.395,1.2,1.5,0.77,1.1,3.5,4.6,1.7,1.0,0.5,0.4,0.3,2.4,1.6,8.1,2.6,17.8,3,0,17.6,27,4,285,35,167,261,255,275,138,160,100,217,225,252,143,138,131,217,218,293,191,302,90,197,239,72,230,130,39,225,1,4306281,17.369999999999997,0.9634146341463414,16.734512195121948,3.8860706477635683,13.926908772872189,2.807603422249759
1628960,Grayson Allen,Grayson,1610612749,MIL,27.0,72,53,19,0.736,27.4,3.4,7.7,0.44,2.0,5.1,0.399,1.6,1.8,0.905,0.8,2.4,3.3,2.3,1.0,0.9,0.2,0.3,1.6,1.7,10.4,3.2,19.9,0,0,20.1,102,6,346,22,147,214,182,323,70,85,90,162,205,52,209,250,249,174,225,123,339,268,276,182,164,50,200,253,39,185,1,8925000,19.61,0.8780487804878049,17.218536585365854,1.9292477966796473,16.407783325059945,0.8107532603059084
1628977,Hamidou Diallo,Hamidou,1610612765,DET,24.0,56,12,44,0.214,17.8,3.8,6.7,0.573,0.1,0.4,0.238,1.6,2.6,0.588,1.0,2.4,3.5,1.0,1.3,0.9,0.3,0.3,2.2,2.1,9.3,-0.3,17.4,0,0,16.3,253,404,30,501,298,173,227,61,461,472,446,166,114,463,156,249,233,353,167,97,259,240,133,135,200,274,235,253,39,246,1,5200000,16.65,0.6829268292682927,11.370731707317074,2.1866791744840524,14.406956319368671,-3.0362246120515977
203084,Harrison Barnes,Harrison,1610612758,SAC,31.0,82,48,34,0.585,32.5,4.6,9.6,0.473,1.6,4.3,0.374,4.3,5.0,0.847,1.1,3.4,4.5,1.6,1.0,0.7,0.1,0.4,1.3,3.5,15.0,3.1,24.1,0,0,24.3,2,16,121,136,69,130,132,221,119,125,165,37,41,124,149,147,142,228,217,190,431,217,376,60,96,52,145,253,39,135,1,18352273,23.7,1.0,23.7,1.291393169663507,21.47149940785839,2.228500592141611
1629312,Haywood Highsmith,Haywood,1610612748,MIA,26.0,54,28,26,0.519,18.0,1.7,4.0,0.431,0.7,2.0,0.339,0.2,0.5,0.464,1.1,2.4,3.5,0.8,0.8,0.7,0.3,0.2,1.5,0.6,4.4,-1.9,11.9,2,0,11.3,270,230,250,239,296,383,363,358,299,303,272,470,431,497,150,255,231,401,289,206,241,380,319,422,395,402,348,155,39,346,1,1752638,11.600000000000001,0.6585365853658537,7.639024390243904,4.3585865365488505,12.555258336014608,-4.9162339457707045
1630193,Immanuel Quickley,Immanuel,1610612752,NYK,24.0,81,47,34,0.58,28.9,5.2,11.6,0.448,2.1,5.6,0.37,2.5,3.1,0.819,0.7,3.4,4.2,3.4,1.2,1.0,0.2,0.4,2.0,2.2,14.9,3.9,27.3,4,0,26.9,11,22,121,143,124,110,94,295,65,63,181,91,95,176,259,141,163,104,176,88,366,211,169,128,97,37,117,118,39,106,1,2316240,26.84,0.9878048780487805,26.512682926829267,11.44643168533022,12.857988564755981,13.654694362073286
1630171,Isaac Okoro,Isaac,1610612739,CLE,22.0,76,48,28,0.632,21.7,2.3,4.7,0.494,0.8,2.3,0.363,1.0,1.4,0.757,0.7,1.8,2.5,1.1,0.6,0.7,0.4,0.2,2.1,1.0,6.4,1.7,14.0,0,0,13.1,55,16,214,94,224,306,332,164,263,284,213,244,247,282,268,349,338,321,391,174,190,351,162,297,304,118,299,253,39,306,1,7040880,13.450000000000001,0.926829268292683,12.465853658536586,1.7704965371568024,15.3957569685598,-2.9299033100232137
1628392,Isaiah Hartenstein,Isaiah,1610612752,NYK,25.0,82,47,35,0.573,19.9,2.1,4.0,0.535,0.1,0.5,0.216,0.6,0.9,0.676,2.5,4.0,6.5,1.2,0.8,0.6,0.8,0.2,2.6,0.9,5.0,1.8,18.1,2,0,15.7,2,22,100,148,252,328,365,98,459,463,456,364,349,400,20,100,57,298,302,219,61,354,72,337,367,108,228,155,39,257,1,8854879,17.600000000000005,1.0,17.600000000000005,1.9876047995686903,16.37011889808919,1.2298811019108165
1630543,Isaiah Jackson,Isaiah,1610612754,IND,21.0,63,24,39,0.381,16.5,2.8,5.0,0.563,0.0,0.2,0.143,1.5,2.3,0.651,1.8,2.7,4.5,0.8,0.8,0.5,1.5,0.5,2.4,1.9,7.2,-2.0,18.9,5,0,16.5,189,271,60,418,310,253,308,70,483,482,473,173,145,433,62,213,141,394,301,312,11,164,88,161,263,408,218,105,39,243,1,2573760,18.6,0.7682926829268293,14.290243902439025,5.552283003247787,12.99631150985816,1.2939323925808655
1630198,Isaiah Joe,Isaiah,1610612760,OKC,23.0,73,36,37,0.493,19.1,3.1,7.0,0.441,2.2,5.4,0.409,1.1,1.4,0.82,0.4,2.0,2.4,1.2,0.5,0.7,0.1,0.2,1.4,1.4,9.5,2.9,15.9,0,0,16.8,92,126,82,288,273,235,214,318,54,70,68,229,245,174,388,317,345,308,401,213,444,419,335,231,192,60,258,253,39,239,1,1836090,15.830000000000002,0.8902439024390244,14.092560975609757,7.675310565173688,12.600083306559293,1.492477669050464
1630587,Isaiah Livers,Isaiah,1610612765,DET,24.0,52,10,42,0.192,23.1,2.3,5.5,0.417,1.4,3.9,0.365,0.6,0.8,0.821,0.5,2.2,2.8,0.8,0.6,0.5,0.5,0.1,2.0,0.7,6.7,-3.9,13.8,1,0,13.8,283,418,42,513,207,305,284,401,140,148,206,351,374,172,319,282,302,404,386,284,119,435,182,393,293,490,301,192,39,289,1,1563518,13.360000000000001,0.6341463414634146,8.47219512195122,5.418674503236432,12.45367540894982,-3.9814802869986003
1629676,Isaiah Roby,Isaiah,1610612752,NYK,25.0,42,9,33,0.214,11.3,1.6,3.7,0.432,0.4,1.4,0.3,0.5,1.0,0.488,0.5,2.1,2.6,0.9,0.7,0.4,0.2,0.2,1.3,0.9,4.1,-2.6,9.6,0,0,9.2,335,426,138,501,426,403,378,352,361,354,382,401,326,495,330,308,326,369,326,336,372,398,375,330,409,441,405,253,39,408,1,2330681,9.32,0.5121951219512195,4.7736585365853665,2.048181856112169,12.865745327920864,-8.092086791335497
1630191,Isaiah Stewart,Isaiah,1610612765,DET,22.0,50,12,38,0.24,28.3,3.9,8.8,0.442,1.3,4.1,0.327,2.2,3.0,0.738,2.3,5.8,8.1,1.4,1.4,0.4,0.7,0.4,2.7,2.4,11.3,-4.5,25.0,13,0,24.3,294,404,69,492,140,165,150,316,159,135,328,104,100,321,28,40,36,263,152,351,79,199,60,108,148,505,139,50,39,133,1,3433320,24.319999999999993,0.6097560975609756,14.829268292682922,4.319221130766407,13.45801106986138,1.3712572228215425
1627826,Ivica Zubac,Ivica,1610612746,LAC,26.0,76,43,33,0.566,28.5,4.3,6.8,0.634,0.0,0.0,0.0,2.2,3.1,0.697,3.1,6.8,9.9,1.0,1.5,0.4,1.3,0.6,2.9,2.8,10.8,-0.4,27.7,27,0,25.1,55,53,138,160,129,140,226,33,492,515,492,106,89,378,13,17,13,340,124,363,18,107,38,83,158,289,112,24,39,123,1,10123457,27.03,0.926829268292683,25.052195121951222,2.474668003425235,17.051516246069273,8.000678875881949
1630550,JT Thor,JT,1610612766,CHA,20.0,69,22,47,0.319,14.0,1.4,3.4,0.399,0.6,1.8,0.317,0.5,0.7,0.702,0.5,1.7,2.2,0.5,0.6,0.3,0.3,0.2,1.0,0.5,3.8,-2.4,8.5,0,0,8.4,123,290,21,453,367,428,402,444,327,324,348,399,393,370,322,363,366,459,365,406,226,374,443,430,421,437,430,253,39,426,1,1563518,8.09,0.8414634146341463,6.807439024390243,4.35392430684536,12.45367540894982,-5.646236384559577
1629630,Ja Morant,Ja,1610612763,MEM,23.0,61,40,21,0.656,31.9,9.3,19.9,0.466,1.5,4.9,0.307,6.1,8.1,0.748,1.0,4.9,5.9,8.1,3.4,1.1,0.3,1.4,1.6,6.2,26.2,5.0,46.0,20,7,44.3,214,74,327,68,79,18,14,239,130,93,371,13,10,306,157,67,77,8,10,62,282,6,273,8,15,21,13,30,4,14,1,12119440,44.529999999999994,0.7439024390243902,33.12597560975609,2.733292595182293,18.123628108968788,15.002347500787302
203210,JaMychal Green,JaMychal,1610612744,GSW,33.0,57,30,27,0.526,14.0,2.4,4.4,0.54,0.7,1.9,0.378,0.9,1.2,0.776,1.3,2.3,3.6,0.9,0.9,0.4,0.4,0.2,1.8,1.0,6.4,-2.7,13.7,0,0,13.3,246,207,229,222,368,298,346,92,288,312,150,268,279,243,114,265,220,371,260,330,180,325,223,310,306,448,304,253,39,301,1,8200000,13.12,0.6951219512195121,9.12,1.1121951219512196,16.01836061925426,-6.898360619254261
201580,JaVale McGee,JaVale,1610612742,DAL,35.0,42,20,22,0.476,8.4,1.9,3.0,0.64,0.0,0.1,0.4,0.6,1.0,0.585,0.7,1.8,2.5,0.3,0.9,0.1,0.6,0.2,1.3,0.9,4.4,-1.4,9.2,0,0,8.7,335,310,315,320,467,362,436,27,477,495,85,367,326,464,260,345,330,509,279,504,92,369,370,320,391,361,416,253,39,415,1,5461219,8.6,0.5121951219512195,4.404878048780487,0.8065741455855345,14.547266125972609,-10.142388077192122
1631093,Jaden Ivey,Jaden,1610612765,DET,21.0,74,16,58,0.216,31.1,5.5,13.3,0.416,1.6,4.7,0.343,3.6,4.8,0.747,1.0,2.9,3.9,5.2,3.2,0.8,0.2,1.2,3.3,4.3,16.3,-8.7,28.7,8,0,29.1,79,357,4,500,89,98,74,406,118,102,268,51,45,308,166,193,191,50,18,141,309,13,16,33,83,535,102,80,39,93,1,7252200,26.98,0.9024390243902439,24.34780487804878,3.35729914757574,15.50926428744374,8.83854059060504
1630183,Jaden McDaniels,Jaden,1610612750,MIN,22.0,79,41,38,0.519,30.6,4.7,9.1,0.517,1.4,3.4,0.398,1.3,1.8,0.736,1.2,2.7,3.9,1.9,1.4,0.9,1.0,0.4,3.4,1.6,12.1,0.9,23.8,0,0,23.0,27,65,69,237,96,123,147,123,157,178,93,195,197,326,130,210,192,196,148,101,37,221,8,198,136,166,150,253,39,149,1,2161440,23.230000000000004,0.9634146341463414,22.380121951219515,10.354264726857798,12.774840102881885,9.60528184833763
1627751,Jakob Poeltl,Jakob,1610612761,TOR,27.0,72,26,46,0.361,26.5,5.4,8.6,0.629,0.0,0.0,0.0,1.7,2.8,0.592,3.3,5.8,9.1,2.7,1.7,0.9,1.2,0.5,2.7,2.7,12.5,-2.0,32.0,19,0,28.5,102,253,24,429,156,102,155,36,492,522,492,150,106,461,8,39,20,136,102,108,25,169,59,92,130,416,75,33,39,95,2,9398148,31.220000000000002,0.8780487804878049,27.41268292682927,2.916817539671568,16.6619275656207,10.750755361208569
1628973,Jalen Brunson,Jalen,1610612752,NYK,26.0,68,40,28,0.588,35.0,8.6,17.6,0.491,2.0,4.7,0.416,4.8,5.8,0.829,0.6,3.0,3.5,6.2,2.1,0.9,0.2,0.8,2.2,5.7,24.0,2.2,38.8,5,0,38.0,133,74,214,129,29,26,33,174,79,101,54,25,27,157,303,187,224,25,68,115,319,64,130,12,27,85,37,105,39,37,1,27733332,37.650000000000006,0.8292682926829268,31.2219512195122,1.125791564443544,26.51039234455186,4.711558874960339
1631105,Jalen Duren,Jalen,1610612765,DET,19.0,67,16,51,0.239,24.9,3.9,5.9,0.648,0.0,0.0,0.0,1.4,2.3,0.611,3.4,5.5,8.9,1.1,1.4,0.7,0.9,0.5,2.7,1.9,9.1,-4.2,24.7,19,0,22.2,145,357,10,494,177,171,260,23,492,513,492,183,140,452,5,45,25,330,149,214,45,134,57,160,207,496,142,33,39,158,1,4124280,24.130000000000003,0.8170731707317073,19.7159756097561,4.7804648592617625,13.829149708211029,5.8868259015450715
1630224,Jalen Green,Jalen,1610612745,HOU,21.0,76,20,56,0.263,34.2,7.4,17.9,0.416,2.5,7.3,0.338,4.8,6.1,0.786,0.6,3.2,3.7,3.7,2.6,0.8,0.2,1.4,1.7,4.1,22.1,-5.9,32.6,0,0,34.1,55,310,7,480,43,48,28,405,40,25,278,24,20,223,309,166,207,94,40,157,303,4,251,37,34,523,71,253,39,57,1,9441840,31.190000000000005,0.926829268292683,28.907804878048786,3.061670699572201,16.685396057844237,12.22240882020455
1630552,Jalen Johnson,Jalen,1610612737,ATL,21.0,70,35,35,0.5,14.9,2.3,4.6,0.491,0.4,1.5,0.288,0.7,1.1,0.628,0.7,3.3,4.0,1.2,0.6,0.5,0.5,0.3,1.6,0.8,5.6,-0.1,14.8,1,0,13.3,116,137,100,264,346,311,336,176,361,350,393,322,292,443,255,159,180,311,380,279,138,236,282,355,333,256,284,192,39,300,1,2792640,14.299999999999999,0.8536585365853658,12.20731707317073,4.371246230509743,13.113879567577813,-0.9065624944070834
1629667,Jalen McDaniels,Jalen,1610612755,PHI,25.0,80,31,49,0.388,23.9,3.5,7.7,0.455,1.0,2.9,0.332,1.5,1.7,0.841,0.8,3.5,4.3,1.6,1.2,1.0,0.4,0.5,2.6,1.6,9.4,-1.9,20.3,3,0,19.3,15,191,15,417,190,201,185,268,228,224,316,177,211,136,232,133,147,222,189,72,164,152,65,200,195,394,195,130,39,197,2,1930681,19.36,0.975609756097561,18.88780487804878,9.782975477589916,12.650891421269453,6.236913456779327
1630188,Jalen Smith,Jalen,1610612754,IND,23.0,68,31,37,0.456,18.8,3.6,7.5,0.476,0.8,2.8,0.283,1.5,2.0,0.759,1.9,3.9,5.8,1.0,1.1,0.3,0.9,0.6,2.3,2.1,9.4,-1.4,20.4,7,0,19.4,133,191,82,354,279,196,196,213,269,231,402,170,172,278,54,106,80,354,215,410,44,116,126,132,194,364,194,86,39,195,1,4670160,19.81,0.8292682926829268,16.42780487804878,3.517610719557527,14.122360834618211,2.305444043430567
1630591,Jalen Suggs,Jalen,1610612753,ORL,22.0,53,20,33,0.377,23.5,3.5,8.4,0.419,1.2,3.8,0.327,1.6,2.2,0.723,1.0,2.0,3.0,2.9,1.8,1.3,0.5,0.5,2.3,2.5,9.9,-0.8,21.5,0,0,20.6,277,310,138,420,198,203,160,396,175,153,329,155,154,345,153,318,269,123,97,35,128,127,124,105,180,310,178,253,39,180,1,6922320,20.55,0.6463414634146342,13.282317073170733,1.9187666957278386,15.332074270628322,-2.0497571974575894
1631114,Jalen Williams,Jalen,1610612760,OKC,22.0,75,36,39,0.48,30.3,5.5,10.6,0.521,1.0,2.7,0.356,2.1,2.5,0.812,1.1,3.4,4.5,3.3,1.6,1.4,0.5,0.7,2.5,2.2,14.1,-0.7,28.3,3,0,26.5,70,126,60,317,101,99,113,114,224,233,228,116,121,188,138,150,137,110,115,26,145,77,78,124,109,307,105,130,39,112,1,4341480,27.75,0.9146341463414634,25.38109756097561,5.846185531426061,13.945815379522745,11.435282181452866
1627750,Jamal Murray,Jamal,1610612743,DEN,26.0,65,43,22,0.662,32.8,7.3,16.0,0.454,2.6,6.6,0.398,2.8,3.3,0.833,0.7,3.2,4.0,6.2,2.2,1.0,0.2,0.5,1.6,2.8,20.0,4.6,35.5,5,1,35.2,171,53,315,65,61,57,47,272,31,40,91,74,82,144,250,164,186,29,59,77,298,129,291,85,57,28,56,105,17,52,1,31650600,34.400000000000006,0.7926829268292683,27.268292682926834,0.8615410982075169,28.614493177553264,-1.34620049462643
201935,James Harden,James,1610612755,PHI,33.0,58,39,19,0.672,36.8,6.4,14.5,0.441,2.8,7.2,0.385,5.4,6.2,0.867,0.7,5.4,6.1,10.7,3.4,1.2,0.5,0.9,1.9,4.6,21.0,4.8,46.2,36,5,44.0,240,89,346,53,5,73,62,320,23,28,133,17,19,90,266,48,71,1,11,38,122,37,194,26,43,25,12,11,6,16,1,33000000,44.37,0.7073170731707317,31.38365853658536,0.9510199556541019,29.339302831641803,2.044355704943559
1630164,James Wiseman,James,1610612765,DET,22.0,45,11,34,0.244,19.3,4.2,7.5,0.558,0.1,0.4,0.2,1.5,2.2,0.701,1.6,4.3,5.9,0.7,1.1,0.2,0.6,0.5,2.4,1.7,10.0,-7.3,19.3,8,0,18.2,321,413,121,490,267,145,192,76,462,464,461,172,162,373,82,80,75,420,196,486,95,139,94,178,176,530,213,80,39,214,2,9603360,18.880000000000003,0.5487804878048781,10.3609756097561,1.0788906809445964,16.772154065350076,-6.411178455593976
1629020,Jarred Vanderbilt,Jarred,1610612747,LAL,24.0,78,43,35,0.551,24.1,3.2,5.8,0.548,0.4,1.2,0.322,1.2,1.8,0.691,2.2,5.3,7.5,2.4,1.2,1.1,0.3,0.4,2.4,1.8,7.9,-1.3,23.2,10,0,20.8,38,53,100,184,188,229,267,84,385,387,340,210,201,387,34,54,41,164,172,67,274,209,89,170,245,356,161,64,39,178,2,4374000,22.9,0.9512195121951219,21.78292682926829,4.980093010806652,13.963283002133505,7.819643827134787
1628386,Jarrett Allen,Jarrett,1610612739,CLE,25.0,68,44,24,0.647,32.6,5.9,9.2,0.644,0.0,0.1,0.1,2.4,3.3,0.733,3.3,6.5,9.8,1.7,1.4,0.8,1.2,0.6,2.3,3.3,14.3,5.1,33.2,32,0,29.8,133,40,285,80,63,84,144,25,488,492,485,98,83,331,9,24,14,216,151,151,22,96,126,65,106,19,68,16,39,90,1,20000000,32.510000000000005,0.8292682926829268,26.959512195121953,1.3479756097560975,22.356550865470915,4.602961329651038
1629637,Jaxson Hayes,Jaxson,1610612740,NOP,23.0,47,22,25,0.468,13.0,1.8,3.3,0.551,0.1,0.6,0.103,1.2,1.8,0.699,0.8,2.0,2.8,0.7,0.7,0.4,0.4,0.2,1.4,1.3,5.0,-1.5,11.2,0,0,10.2,311,290,268,336,388,372,411,81,469,443,484,209,204,375,215,325,294,411,353,339,179,394,338,259,366,366,367,253,39,382,1,6803012,10.759999999999998,0.573170731707317,6.16731707317073,0.9065568417593163,15.267989795891404,-9.100672722720674
1627759,Jaylen Brown,Jaylen,1610612738,BOS,26.0,67,46,21,0.687,35.9,10.1,20.6,0.491,2.4,7.3,0.335,3.9,5.1,0.765,1.2,5.7,6.9,3.5,2.9,1.1,0.4,1.1,2.6,4.1,26.6,3.8,41.6,13,0,42.4,145,32,327,42,13,7,5,175,44,26,289,44,39,266,131,42,50,102,26,54,193,15,76,41,13,39,27,50,39,20,1,29776785,40.28,0.8170731707317073,32.91170731707317,1.1052807520043944,27.608001994823226,5.303705322249947
1629669,Jaylen Nowell,Jaylen,1610612750,MIN,23.0,65,34,31,0.523,19.3,4.3,9.6,0.448,1.0,3.6,0.289,1.2,1.5,0.778,0.6,2.1,2.6,2.0,1.0,0.6,0.1,0.6,1.6,1.2,10.8,-0.1,18.2,0,0,18.0,171,149,164,227,268,139,133,292,212,169,392,220,228,236,314,310,322,185,225,220,468,112,305,262,156,250,227,253,39,219,1,1930681,17.520000000000003,0.7926829268292683,13.887804878048783,7.1932156985275055,12.650891421269453,1.2369134567793303
1631119,Jaylin Williams,Jaylin,1610612760,OKC,21.0,49,23,26,0.469,18.7,2.1,4.8,0.436,0.9,2.3,0.407,0.8,1.1,0.704,0.9,4.0,4.9,1.6,0.8,0.6,0.2,0.3,2.3,1.9,5.9,-1.8,15.8,0,0,14.9,299,281,250,335,282,333,324,339,233,280,71,302,297,368,192,96,114,231,318,262,299,233,122,157,326,392,260,253,39,272,1,2000000,15.380000000000003,0.5975609756097561,9.19048780487805,4.595243902439025,12.688125066157376,-3.4976372612793263
1628369,Jayson Tatum,Jayson,1610612738,BOS,25.0,74,52,22,0.703,36.9,9.8,21.1,0.466,3.2,9.3,0.35,7.2,8.4,0.854,1.1,7.7,8.8,4.6,2.9,1.1,0.7,0.8,2.2,5.4,30.1,6.4,49.9,31,1,50.2,79,8,315,32,4,13,3,238,9,6,247,8,9,112,151,10,27,62,31,69,74,59,144,16,6,9,8,18,17,6,1,30351780,48.61,0.9024390243902439,43.867560975609756,1.4453043932055962,27.916851799960803,15.950709175648953
201145,Jeff Green,Jeff,1610612743,DEN,36.0,56,33,23,0.589,19.5,2.9,5.9,0.488,0.5,1.9,0.288,1.6,2.1,0.744,0.7,1.9,2.6,1.2,0.8,0.3,0.3,0.3,1.8,1.7,7.8,-3.4,13.8,0,0,13.4,253,162,303,128,258,251,263,179,338,319,393,166,166,312,269,335,326,302,295,404,249,273,243,181,249,474,300,253,39,297,1,4500000,13.32,0.6829268292682927,9.09658536585366,2.0214634146341464,14.0309619827287,-4.93437661687504
203924,Jerami Grant,Jerami,1610612757,POR,29.0,63,28,35,0.444,35.6,6.9,14.5,0.475,2.3,5.7,0.401,4.4,5.4,0.813,0.8,3.7,4.5,2.4,1.8,0.8,0.8,0.9,2.4,4.4,20.5,-0.6,32.5,2,0,32.9,189,230,100,365,16,62,63,218,50,58,82,34,30,183,211,120,138,161,92,145,52,39,93,30,48,297,72,155,39,64,1,20955000,31.599999999999998,0.7682926829268293,24.278048780487804,1.1585802329032597,22.86951456760116,1.408534212886643
1630526,Jeremiah Robinson-Earl,Jeremiah,1610612760,OKC,22.0,43,16,27,0.372,18.9,2.6,5.8,0.444,0.9,2.6,0.333,0.8,1.0,0.833,1.7,2.5,4.2,1.0,0.4,0.6,0.3,0.3,1.7,0.8,6.8,-0.2,15.3,1,0,14.5,327,357,229,423,276,277,271,309,247,241,292,296,325,144,75,237,160,342,437,268,287,275,268,344,284,266,269,192,39,279,1,2000000,15.44,0.524390243902439,8.096585365853658,4.048292682926829,12.688125066157376,-4.591539700303718
1631110,Jeremy Sochan,Jeremy,1610612759,SAS,20.0,56,15,41,0.268,26.0,4.5,9.9,0.453,0.6,2.4,0.246,1.4,2.1,0.698,1.7,3.6,5.3,2.5,1.7,0.8,0.4,0.9,2.5,1.8,11.0,-4.2,22.9,2,0,21.7,253,369,48,477,162,136,126,278,322,266,444,180,167,376,70,129,97,151,103,161,174,39,86,173,154,499,167,155,39,166,1,5063520,22.159999999999997,0.6829268292682927,15.133658536585365,2.988762468912015,14.33364816641921,0.8000103701661558
1630579,Jericho Sims,Jericho,1610612752,NYK,24.0,52,31,21,0.596,15.6,1.6,2.1,0.776,0.0,0.0,0.0,0.2,0.3,0.75,1.9,2.8,4.7,0.5,0.5,0.3,0.5,0.1,1.8,0.6,3.4,-2.2,11.7,2,0,10.2,283,191,327,120,327,402,484,5,492,519,492,473,482,290,53,205,126,474,404,421,119,453,221,409,442,427,351,155,39,383,1,1639842,11.44,0.6341463414634146,7.254634146341463,4.423983619361781,12.494671682877977,-5.240037536536514
1628975,Jevon Carter,Jevon,1610612749,MIL,27.0,81,57,24,0.704,22.4,3.0,7.0,0.423,1.8,4.2,0.421,0.4,0.5,0.816,0.4,2.1,2.5,2.4,1.0,0.8,0.4,0.2,2.0,0.6,8.0,0.8,17.2,1,0,17.1,11,1,285,31,213,245,212,381,101,134,50,435,446,180,358,309,337,157,242,144,214,365,189,412,240,178,239,192,39,230,1,6025000,16.7,0.9878048780487805,16.496341463414634,2.7379819856289846,14.850092501837208,1.6462489615774256
1629111,Jock Landale,Jock,1610612756,PHX,27.0,69,35,34,0.507,14.2,2.6,4.9,0.528,0.3,1.2,0.25,1.1,1.5,0.752,1.7,2.3,4.1,1.0,0.9,0.2,0.4,0.3,1.8,1.5,6.6,2.0,14.1,3,0,13.3,123,137,121,259,361,274,318,106,406,382,432,224,229,288,66,265,174,351,282,452,161,261,230,207,296,95,295,130,39,302,1,1563518,13.47,0.8414634146341463,11.33451219512195,7.249364698789494,12.45367540894982,-1.1191632138278695
203925,Joe Harris,Joe,1610612751,BKN,31.0,74,40,34,0.541,20.6,2.7,5.9,0.457,1.9,4.5,0.426,0.2,0.4,0.643,0.3,1.9,2.2,1.4,0.6,0.5,0.2,0.3,1.9,0.3,7.6,-0.3,13.7,0,0,14.4,79,74,121,204,235,263,259,263,89,113,43,469,466,438,427,334,362,272,390,320,362,280,206,480,252,281,308,253,39,283,1,18642857,13.54,0.9024390243902439,12.219024390243902,0.6554266006676929,21.627582176884374,-9.408557786640472
204060,Joe Ingles,Joe,1610612749,MIL,35.0,46,32,14,0.696,22.7,2.3,5.4,0.435,1.8,4.4,0.409,0.4,0.5,0.857,0.3,2.5,2.8,3.3,1.2,0.7,0.1,0.1,1.6,0.7,6.9,1.7,16.5,1,0,16.4,315,178,393,36,212,300,288,341,97,120,67,429,448,104,433,242,299,112,185,180,417,465,283,385,279,114,246,192,39,245,1,6479000,15.809999999999999,0.5609756097560976,8.869024390243903,1.3688878515579415,15.09395168588656,-6.224927295642658
203954,Joel Embiid,Joel,1610612755,PHI,29.0,66,43,23,0.652,34.6,11.0,20.1,0.548,1.0,3.0,0.33,10.0,11.7,0.857,1.7,8.4,10.2,4.2,3.4,1.0,1.7,1.4,3.1,7.7,33.1,6.4,56.2,39,1,53.8,162,53,303,75,38,3,11,83,214,213,320,1,2,103,68,6,10,76,8,80,8,5,25,2,1,8,2,9,17,2,1,33616770,54.64,0.8048780487804879,43.97853658536586,1.308232069451225,29.670591441655283,14.307945143710576
1628381,John Collins,John,1610612737,ATL,25.0,71,37,34,0.521,30.0,5.1,10.0,0.508,1.0,3.4,0.292,2.0,2.5,0.803,1.1,5.4,6.5,1.2,1.1,0.6,1.0,0.6,3.1,2.7,13.1,-0.3,26.5,11,0,25.0,109,110,121,231,109,112,122,133,222,180,390,121,125,199,146,47,58,309,201,248,31,95,27,89,119,277,126,56,39,125,1,23500000,25.85,0.8658536585365854,22.382317073170732,0.952439024390244,24.23652254867077,-1.854205475500038
1629723,John Konchar,John,1610612763,MEM,27.0,72,45,27,0.625,20.7,1.9,4.4,0.431,0.8,2.5,0.339,0.4,0.5,0.778,0.9,3.4,4.3,1.4,0.5,1.1,0.3,0.2,1.6,0.7,5.1,2.9,16.0,2,0,14.4,102,35,229,100,233,360,344,355,254,262,273,431,435,236,195,144,148,266,409,65,221,367,303,372,358,61,257,155,39,282,1,2300000,15.809999999999999,0.8780487804878049,13.881951219512194,6.035630965005303,12.849265496145934,1.03268572336626
1630228,Jonathan Kuminga,Jonathan,1610612744,GSW,20.0,67,38,29,0.567,20.8,3.9,7.4,0.525,0.8,2.2,0.37,1.3,2.1,0.652,1.0,2.4,3.4,1.9,1.4,0.6,0.5,0.5,2.3,1.8,9.9,-0.8,18.7,1,0,18.2,145,95,199,159,231,167,197,113,266,287,182,193,169,430,152,258,236,198,147,238,148,150,107,164,178,316,222,192,39,213,1,5739840,18.03,0.8170731707317073,14.731829268292683,2.5665923210912993,14.696923151785416,0.03490611650726727
203903,Jordan Clarkson,Jordan,1610612762,UTA,31.0,61,30,31,0.492,32.6,7.5,16.9,0.444,2.5,7.5,0.338,3.3,4.0,0.816,1.2,2.9,4.0,4.4,3.0,0.5,0.2,0.9,2.0,3.1,20.8,0.6,31.5,3,0,33.3,214,207,164,295,67,46,38,306,36,21,277,59,63,179,124,196,179,72,23,282,325,42,186,74,45,195,80,130,39,62,1,13340000,29.800000000000004,0.7439024390243902,22.168292682926833,1.6617910556916666,18.779233319724906,3.389059363201927
1629162,Jordan McLaughlin,Jordan,1610612750,MIN,27.0,43,22,21,0.512,15.8,1.4,3.4,0.421,0.6,1.8,0.308,0.3,0.4,0.833,0.3,1.1,1.4,3.4,0.8,0.7,0.1,0.2,0.7,0.5,3.7,2.0,12.4,0,0,10.9,327,290,327,252,322,424,407,391,332,322,366,442,456,144,401,449,451,105,316,173,450,379,487,446,427,100,335,253,39,361,1,2160000,11.68,0.524390243902439,6.124878048780488,2.8355916892502258,12.77406662881794,-6.6491885800374515
1629670,Jordan Nwora,Jordan,1610612754,IND,24.0,62,36,26,0.581,19.2,3.1,7.2,0.436,1.4,3.4,0.408,1.1,1.4,0.791,0.8,2.9,3.7,1.4,1.1,0.4,0.2,0.5,1.2,1.1,8.7,-4.1,16.1,1,0,16.5,203,126,250,140,272,232,207,337,151,179,70,235,243,214,218,195,208,258,214,359,313,158,398,287,223,494,256,192,39,244,2,2800000,15.390000000000002,0.7560975609756098,11.636341463414636,4.155836236933799,13.117832879460199,-1.4814914160455626
1629673,Jordan Poole,Jordan,1610612744,GSW,24.0,82,44,38,0.537,30.0,6.7,15.6,0.43,2.6,7.8,0.336,4.4,5.1,0.87,0.4,2.4,2.7,4.5,3.1,0.8,0.3,0.9,2.6,4.2,20.4,-0.1,30.5,1,0,32.3,2,40,69,210,110,66,50,360,33,17,284,35,40,87,379,263,306,66,22,160,286,35,66,34,50,254,89,192,39,70,1,3901399,29.04,1.0,29.04,7.443483734937134,13.709432574290096,15.330567425709903
1630631,Jose Alvarado,Jose,1610612740,NOP,25.0,61,30,31,0.492,21.5,3.3,8.0,0.411,1.4,4.0,0.336,1.1,1.3,0.813,0.5,1.9,2.3,3.0,1.3,1.1,0.2,0.5,2.0,1.2,9.0,1.7,18.8,0,0,18.3,214,207,164,295,228,219,175,418,155,140,283,236,254,184,343,342,356,118,160,57,383,151,170,263,215,117,219,253,39,212,1,1563518,18.21,0.7439024390243902,13.546463414634147,8.664091756304787,12.45367540894982,1.0927880056843264
1630528,Josh Christopher,Josh,1610612745,HOU,21.0,64,16,48,0.25,12.3,2.4,5.1,0.465,0.3,1.4,0.236,0.7,0.9,0.75,0.3,0.8,1.1,1.1,0.9,0.5,0.2,0.3,0.9,0.6,5.8,-3.5,10.2,0,0,9.9,181,357,18,484,407,295,302,241,401,361,451,318,335,290,424,483,480,324,250,297,304,264,451,404,328,476,392,253,39,395,1,2372160,9.52,0.7804878048780488,7.430243902439024,3.132269283032773,12.88802514090585,-5.457781238466826
1630581,Josh Giddey,Josh,1610612760,OKC,20.0,76,34,42,0.447,31.1,7.1,14.7,0.482,1.0,3.1,0.325,1.4,1.9,0.731,1.9,5.9,7.9,6.2,2.8,0.8,0.4,1.1,1.9,1.5,16.6,-1.4,36.0,28,4,33.9,55,149,42,364,88,60,61,199,214,208,334,188,185,333,51,35,37,27,36,168,177,17,211,208,81,363,50,21,7,58,1,6287400,34.78,0.926829268292683,32.23512195121951,5.126939903810719,14.991036664600536,17.244085286618976
1630182,Josh Green,Josh,1610612742,DAL,22.0,60,27,33,0.45,25.7,3.4,6.4,0.537,1.1,2.8,0.402,1.1,1.6,0.723,0.9,2.1,3.0,1.7,1.2,0.7,0.1,0.4,2.6,2.0,9.1,1.3,16.5,1,0,16.6,222,238,138,360,173,212,240,97,196,230,80,227,223,342,188,301,270,210,183,185,457,210,69,142,210,141,247,192,39,241,1,3098400,15.850000000000001,0.7317073170731707,11.597560975609756,3.7430806143847652,13.278113893822152,-1.6805529182123955
1628404,Josh Hart,Josh,1610612752,NYK,28.0,76,42,34,0.553,32.3,3.6,6.8,0.529,0.8,2.2,0.372,1.7,2.3,0.75,1.9,5.9,7.8,3.8,1.5,1.2,0.3,0.5,2.6,2.1,9.8,4.1,27.6,10,0,25.1,55,60,121,179,71,189,221,103,267,290,173,145,146,290,55,35,39,87,124,46,268,133,77,130,186,32,114,64,39,123,2,12960000,27.11,0.926829268292683,25.126341463414636,1.9387609153869316,18.575122108406063,6.551219355008573
1629006,Josh Okogie,Josh,1610612756,PHX,24.0,72,38,34,0.528,18.8,2.3,5.8,0.391,0.9,2.7,0.335,1.9,2.7,0.724,1.5,2.0,3.5,1.5,0.9,0.8,0.5,0.4,1.6,2.5,7.3,1.5,16.6,2,0,15.7,102,95,121,221,280,314,272,458,235,232,286,126,113,341,91,326,230,250,271,156,143,225,293,104,261,128,245,155,39,256,1,1968175,16.299999999999997,0.8780487804878049,14.312195121951216,7.271810241442563,12.671030752209422,1.6411643697417944
1626196,Josh Richardson,Josh,1610612740,NOP,29.0,65,24,41,0.369,23.5,3.7,8.5,0.431,1.6,4.5,0.365,1.1,1.2,0.852,0.6,2.1,2.7,2.7,1.3,1.1,0.3,0.1,1.8,1.5,10.1,-2.5,20.1,1,0,19.8,171,271,48,425,195,185,156,353,113,112,203,238,266,119,282,310,312,141,162,68,245,429,233,205,175,438,198,192,39,191,2,12196094,19.64,0.7926829268292683,15.568292682926831,1.2764982528772597,18.16480163736993,-2.596508954443099
201950,Jrue Holiday,Jrue,1610612749,MIL,33.0,67,50,17,0.746,32.6,7.3,15.3,0.479,2.4,6.1,0.384,2.3,2.6,0.859,1.2,3.9,5.1,7.4,2.9,1.2,0.4,0.7,1.7,2.4,19.3,7.2,38.2,16,0,37.2,145,13,376,19,68,52,52,209,47,48,137,100,115,101,125,104,101,12,26,41,204,83,249,107,62,5,41,41,39,40,1,34319520,36.970000000000006,0.8170731707317073,30.207195121951223,0.8801753381734717,30.04806289890348,0.15913222304774166
1629308,Juan Toscano-Anderson,Juan,1610612762,UTA,30.0,52,19,33,0.365,13.5,1.2,2.8,0.448,0.2,0.8,0.186,0.4,0.5,0.792,0.5,1.8,2.4,1.3,0.7,0.3,0.2,0.2,1.5,0.7,3.0,-2.8,8.6,0,0,7.8,283,324,138,426,381,446,447,297,444,420,466,440,447,212,319,344,347,294,355,411,343,334,310,393,461,451,429,253,39,440,2,2133278,8.280000000000001,0.6341463414634146,5.250731707317074,2.4613443289234103,12.759713313584092,-7.508981606267017
203944,Julius Randle,Julius,1610612752,NYK,28.0,77,44,33,0.571,35.5,8.5,18.6,0.459,2.8,8.3,0.343,5.2,6.9,0.757,1.8,8.1,10.0,4.1,2.8,0.6,0.3,0.7,3.0,4.9,25.1,2.2,43.2,40,0,43.9,46,40,138,149,19,28,19,253,19,11,269,20,15,284,59,8,11,78,33,222,269,67,29,22,19,86,20,6,39,18,1,23760000,41.75,0.9390243902439024,39.204268292682926,1.6500112917795844,24.37617758799419,14.828090704688737
203200,Justin Holiday,Justin,1610612742,DAL,34.0,46,18,28,0.391,15.4,1.7,4.4,0.377,1.0,3.1,0.322,0.1,0.2,0.625,0.1,1.1,1.2,0.9,0.5,0.4,0.4,0.2,1.5,0.4,4.5,-2.8,9.2,0,0,9.2,315,339,214,414,330,392,345,476,214,206,342,502,500,445,508,450,473,374,421,346,172,366,329,467,388,449,412,253,39,407,2,5987975,8.939999999999998,0.5609756097560976,5.015121951219512,0.8375322126794972,14.830205087102787,-9.815083135883274
1630539,Kai Jones,Kai,1610612766,CHA,22.0,46,13,33,0.283,11.9,1.5,2.6,0.558,0.1,0.4,0.211,0.4,0.6,0.731,0.8,1.9,2.7,0.3,0.7,0.4,0.7,0.2,1.4,0.5,3.4,-0.7,9.5,1,0,8.5,315,391,138,471,414,419,454,75,463,470,460,421,421,334,227,338,316,501,344,370,87,389,342,435,443,306,407,192,39,419,1,2909040,9.34,0.5609756097560976,5.239512195121952,1.8011138365653108,13.176402054413375,-7.936889859291423
202695,Kawhi Leonard,Kawhi,1610612746,LAC,32.0,52,33,19,0.635,33.6,8.6,16.8,0.512,2.0,4.8,0.416,4.7,5.4,0.871,1.1,5.4,6.5,3.9,1.7,1.4,0.5,0.5,1.6,4.1,23.8,4.2,41.6,4,0,40.1,283,162,346,92,50,27,40,128,72,97,55,29,33,84,144,49,59,80,108,24,119,162,281,35,28,31,28,118,39,29,1,42492492,40.60000000000001,0.6341463414634146,25.74634146341464,0.6059033078929483,34.438050306784994,-8.691708843370353
1631099,Keegan Murray,Keegan,1610612758,SAC,22.0,80,47,33,0.588,29.8,4.4,9.8,0.453,2.6,6.3,0.411,0.8,1.0,0.765,1.1,3.5,4.6,1.2,0.8,0.8,0.5,0.5,2.0,1.0,12.2,1.2,22.7,4,0,23.2,15,22,138,130,113,137,129,279,34,45,62,303,311,265,140,135,129,304,319,162,124,141,174,306,134,142,168,118,39,146,1,8008440,22.220000000000002,0.975609756097561,21.678048780487806,2.706900317725775,15.9154670833589,5.7625816971289066
1628966,Keita Bates-Diop,Keita,1610612759,SAS,27.0,67,18,49,0.269,21.7,3.5,6.9,0.508,0.8,2.1,0.394,1.8,2.2,0.793,1.0,2.7,3.7,1.5,0.8,0.7,0.3,0.6,0.9,1.4,9.7,-4.0,18.5,0,0,17.7,145,339,15,474,225,200,217,134,253,294,101,140,155,210,171,211,209,234,288,199,254,125,447,219,190,493,225,253,39,224,1,1878720,18.19,0.8170731707317073,14.862560975609757,7.911003755540877,12.622981361660667,2.2395796139490898
1629640,Keldon Johnson,Keldon,1610612759,SAS,23.0,63,17,46,0.27,32.8,8.0,17.7,0.452,2.1,6.5,0.329,3.9,5.2,0.749,0.9,4.2,5.0,2.9,2.1,0.7,0.2,1.0,2.0,3.6,22.0,-7.8,33.0,5,0,33.9,189,347,24,473,62,36,31,281,58,42,323,45,37,304,195,89,104,124,65,176,363,25,180,53,35,533,69,105,39,59,1,3873024,31.900000000000006,0.7682926829268293,24.50853658536586,6.328010512035521,13.69419137528701,10.81434521007885
203482,Kelly Olynyk,Kelly,1610612762,UTA,32.0,68,28,40,0.412,28.6,4.1,8.2,0.499,1.4,3.5,0.394,2.9,3.4,0.853,1.2,5.0,6.2,3.7,2.5,0.9,0.5,0.4,3.4,3.8,12.5,0.2,27.2,9,0,26.6,133,230,54,400,128,150,168,156,154,174,103,68,79,114,121,61,68,92,47,119,116,183,11,48,131,219,120,70,39,111,1,12804878,25.939999999999998,0.8292682926829268,21.51121951219512,1.679923815923519,18.491800689137115,3.019418823058004
1629134,Kendrick Nunn,Kendrick,1610612764,WAS,27.0,70,30,40,0.429,13.8,2.7,6.4,0.424,1.1,3.2,0.354,0.5,0.6,0.854,0.2,1.3,1.6,1.3,0.9,0.4,0.1,0.4,0.9,0.5,7.1,-0.8,11.4,0,0,12.1,116,207,54,378,374,262,237,377,198,200,235,389,417,113,468,408,441,285,246,351,446,188,446,437,268,313,362,253,39,331,2,5250000,11.12,0.8536585365853658,9.492682926829268,1.808130081300813,14.433813057700098,-4.94113013087083
1629026,Kenrich Williams,Kenrich,1610612760,OKC,28.0,53,26,27,0.491,22.8,3.4,6.5,0.517,0.9,2.5,0.373,0.3,0.7,0.436,1.8,3.1,4.9,2.0,0.6,0.8,0.3,0.2,2.1,1.3,8.0,1.4,19.6,2,0,18.1,277,253,229,299,211,215,230,122,231,249,170,452,380,502,60,173,113,190,377,129,280,327,157,243,241,131,204,155,39,216,1,2000000,19.28,0.6463414634146342,12.461463414634148,6.230731707317074,12.688125066157376,-0.22666165152322826
203484,Kentavious Caldwell-Pope,Kentavious,1610612743,DEN,30.0,76,51,25,0.671,31.3,3.8,8.3,0.462,1.8,4.2,0.423,1.4,1.6,0.824,0.5,2.3,2.7,2.4,1.1,1.5,0.5,0.1,1.9,1.9,10.8,6.5,22.4,0,0,21.6,55,10,268,55,86,172,163,248,100,131,47,191,216,165,341,276,308,158,197,17,149,448,202,155,157,7,171,253,39,169,1,14004703,21.990000000000002,0.926829268292683,20.3809756097561,1.4552950969225196,19.13626841050719,1.2447071992489107
1630553,Keon Johnson,Keon,1610612757,POR,21.0,40,13,27,0.325,10.4,1.7,4.5,0.376,0.7,2.0,0.346,0.7,1.0,0.659,0.3,0.8,1.1,1.5,1.1,0.5,0.2,0.2,1.1,0.8,4.7,-3.8,9.1,0,0,9.3,350,391,229,451,439,391,342,479,295,302,260,327,306,426,436,480,481,247,212,315,393,342,425,351,380,488,420,253,39,405,1,2681040,8.719999999999999,0.4878048780487805,4.253658536585365,1.5865703371025295,13.053935327622069,-8.800276791036705
201142,Kevin Durant,Kevin,1610612756,PHX,34.0,47,34,13,0.723,35.6,10.3,18.3,0.56,2.0,4.9,0.404,6.5,7.1,0.919,0.4,6.3,6.7,5.0,3.3,0.7,1.4,0.5,2.1,5.8,29.1,5.5,47.7,5,1,47.0,311,149,407,26,18,6,22,74,77,95,76,9,13,40,392,28,53,56,12,179,13,132,158,11,8,15,10,105,17,11,2,44119845,45.989999999999995,0.573170731707317,26.360121951219508,0.5974663317883259,35.31215818066223,-8.952036229442722
1628989,Kevin Huerter,Kevin,1610612758,SAC,24.0,75,44,31,0.587,29.4,5.6,11.5,0.485,2.7,6.8,0.402,1.3,1.7,0.725,0.6,2.8,3.3,2.9,1.3,1.1,0.3,0.3,2.4,1.3,15.2,3.0,26.5,0,0,27.0,70,40,164,134,118,97,95,189,24,38,81,207,207,338,313,203,244,122,165,66,238,259,92,249,94,59,124,253,39,105,1,14508929,25.759999999999998,0.9146341463414634,23.560975609756095,1.6238948863666018,19.407105725345225,4.15386988441087
201567,Kevin Love,Kevin,1610612748,MIA,34.0,62,35,27,0.565,20.0,2.7,6.8,0.389,1.6,4.8,0.334,1.3,1.5,0.879,1.0,5.5,6.4,1.9,1.1,0.3,0.2,0.1,1.6,1.8,8.2,1.8,19.0,6,0,19.0,203,137,229,162,251,269,222,462,121,99,290,202,235,70,177,44,60,197,198,437,340,437,300,167,234,113,216,92,39,203,2,30556968,18.58,0.7560975609756098,14.048292682926828,0.4597410542474904,28.027065408455776,-13.978772725528948
1626172,Kevon Looney,Kevon,1610612744,GSW,27.0,82,44,38,0.537,23.9,3.0,4.7,0.63,0.0,0.0,0.0,1.1,1.9,0.606,3.3,5.9,9.3,2.5,0.5,0.6,0.6,0.4,2.7,1.5,7.0,1.9,25.1,14,0,21.3,2,40,69,210,191,244,329,35,492,523,492,223,187,456,6,37,17,152,393,226,94,192,56,208,269,103,136,46,39,171,1,8000000,24.76,1.0,24.76,3.095,15.910933665928555,8.849066334071447
1630165,Killian Hayes,Killian,1610612765,DET,21.0,76,16,60,0.211,28.3,4.0,10.7,0.377,1.1,3.8,0.28,1.2,1.5,0.821,0.4,2.5,2.9,6.2,2.3,1.4,0.4,0.4,2.9,1.7,10.3,-6.6,26.0,6,0,24.0,55,357,1,503,136,156,111,477,206,157,407,214,234,170,389,234,288,26,57,27,207,213,38,180,165,527,129,92,39,141,1,5837760,25.03,0.926829268292683,23.198536585365854,3.97387638158572,14.749519388133683,8.449017197232171
202691,Klay Thompson,Klay,1610612744,GSW,33.0,69,38,31,0.551,33.0,7.9,18.1,0.436,4.4,10.6,0.412,1.7,1.9,0.879,0.6,3.6,4.1,2.4,1.8,0.7,0.4,0.5,1.9,1.3,21.9,2.4,32.0,2,0,35.0,123,95,164,185,57,37,24,335,2,4,61,148,183,71,310,128,164,163,96,182,167,163,209,245,36,81,76,155,39,53,1,40600080,31.02,0.8414634146341463,26.10219512195122,0.6429099430826545,33.42157002879996,-7.3193749068487435
203937,Kyle Anderson,Kyle,1610612750,MIN,29.0,69,36,33,0.522,28.4,3.7,7.2,0.509,0.6,1.5,0.41,1.4,2.0,0.735,1.0,4.4,5.3,4.9,1.5,1.1,0.9,0.3,2.1,1.9,9.4,1.3,27.7,10,3,24.3,123,126,138,230,135,186,208,132,312,347,65,179,176,328,173,77,95,58,139,51,43,303,155,158,198,139,111,64,9,134,1,8780488,26.86,0.8414634146341463,22.60170731707317,2.574083276131483,16.330160905664926,6.271546411408245
1628398,Kyle Kuzma,Kyle,1610612764,WAS,27.0,64,29,35,0.453,35.0,8.0,17.8,0.448,2.5,7.5,0.333,2.7,3.7,0.73,0.9,6.4,7.2,3.7,3.0,0.6,0.5,0.9,2.3,2.8,21.2,0.2,35.6,14,1,36.7,181,220,100,356,28,34,29,291,38,22,315,76,69,335,204,27,43,90,24,266,151,33,121,86,40,222,55,46,17,43,1,13000000,34.19,0.7804878048780488,26.684878048780487,2.0526829268292683,18.596607499071204,8.088270549709282
200768,Kyle Lowry,Kyle,1610612748,MIA,37.0,55,30,25,0.545,31.2,3.6,8.8,0.404,1.9,5.6,0.345,2.1,2.5,0.859,0.8,3.3,4.1,5.1,1.9,1.0,0.4,0.4,2.6,2.5,11.2,1.0,26.1,2,1,25.2,267,207,268,195,87,193,151,432,84,60,263,112,129,100,238,157,170,53,89,74,196,185,69,99,152,155,128,155,17,121,1,28333334,25.119999999999997,0.6707317073170732,16.848780487804877,0.594662826753988,26.83267427879851,-9.983893790993633
202681,Kyrie Irving,Kyrie,1610612742,DAL,31.0,60,32,28,0.533,37.3,9.9,20.1,0.494,3.1,8.3,0.379,4.1,4.6,0.905,1.0,4.1,5.1,5.5,2.1,1.1,0.8,0.9,2.8,3.6,27.1,3.7,44.8,5,0,44.5,222,178,214,217,3,11,12,166,10,10,149,38,51,52,168,94,102,43,64,56,65,34,52,54,12,42,15,105,39,13,2,38917057,44.019999999999996,0.7317073170731707,32.20975609756097,0.8276513842647704,32.517559862464516,-0.30780376490354655
1630205,Lamar Stevens,Lamar,1610612739,CLE,25.0,62,39,23,0.629,18.1,2.1,4.6,0.448,0.5,1.5,0.316,0.6,0.9,0.702,0.8,2.6,3.3,0.5,0.4,0.4,0.3,0.5,1.3,0.7,5.3,0.1,11.9,1,0,11.1,203,89,303,96,294,335,333,293,346,345,350,339,337,371,239,231,246,454,438,332,246,158,372,382,348,226,347,192,39,353,1,1782621,11.510000000000002,0.7560975609756098,8.702682926829269,4.88195916396658,12.571363247722433,-3.868680320893164
1629013,Landry Shamet,Landry,1610612756,PHX,26.0,40,19,21,0.475,20.2,2.8,7.5,0.377,1.9,5.0,0.377,1.1,1.3,0.882,0.3,1.4,1.7,2.3,0.9,0.7,0.1,0.4,1.5,1.2,8.7,1.0,15.6,0,0,16.1,350,324,327,322,248,254,193,478,93,90,155,228,262,68,436,402,421,166,265,217,423,218,317,271,226,161,264,253,39,249,1,9500000,15.24,0.4878048780487805,7.434146341463414,0.7825417201540436,16.71663581587135,-9.282489474407935
1628374,Lauri Markkanen,Lauri,1610612762,UTA,26.0,66,32,34,0.485,34.4,8.7,17.3,0.499,3.0,7.7,0.391,5.3,6.0,0.875,2.0,6.7,8.6,1.9,1.9,0.6,0.6,1.0,2.1,4.5,25.6,2.5,40.5,28,0,41.6,162,178,121,310,40,25,35,157,12,19,109,19,21,78,49,20,29,199,85,222,104,30,164,29,18,78,32,21,39,25,1,16475454,39.519999999999996,0.8048780487804879,31.808780487804878,1.9306770233952206,20.463394672289397,11.345385815515481
2544,LeBron James,LeBron,1610612747,LAL,38.0,55,30,25,0.545,35.5,11.1,22.2,0.5,2.2,6.9,0.321,4.6,5.9,0.768,1.2,7.1,8.3,6.8,3.2,0.9,0.6,0.9,1.6,5.0,28.9,3.9,50.3,18,2,49.2,267,207,268,195,21,2,1,155,56,36,344,32,25,261,123,14,34,19,17,111,101,41,284,20,9,38,7,35,11,8,1,44474988,48.760000000000005,0.6707317073170732,32.70487804878049,0.7353543984942839,35.50291783308699,-2.7980397843064964
1630322,Lindy Waters III,Lindy,1610612760,OKC,25.0,41,20,21,0.488,12.9,1.7,4.3,0.393,1.4,4.0,0.358,0.4,0.5,0.8,0.4,1.4,1.8,0.7,0.2,0.3,0.3,0.1,1.0,0.3,5.2,3.3,10.0,0,0,10.4,346,310,327,301,390,385,349,453,144,145,224,430,442,200,379,394,405,416,492,390,276,482,428,482,352,47,396,253,39,376,1,2316876,9.91,0.5,4.955,2.138655672552178,12.858330182467558,-7.903330182467558
1629652,Luguentz Dort,Luguentz,1610612760,OKC,24.0,74,36,38,0.486,30.7,4.6,11.8,0.388,1.8,5.5,0.33,2.7,3.5,0.772,1.7,2.9,4.6,2.1,1.2,1.0,0.3,0.7,3.3,3.7,13.7,0.5,25.1,5,0,24.9,79,126,69,305,94,128,91,464,95,64,319,77,76,251,64,192,127,183,173,79,243,71,14,51,114,200,138,105,39,127,1,15277778,24.469999999999995,0.9024390243902439,22.082682926829264,1.4454119523682871,19.820081253532805,2.2626016732964587
1628379,Luke Kennard,Luke,1610612763,MEM,27.0,59,37,22,0.627,22.3,3.2,6.5,0.492,2.3,4.6,0.494,0.6,0.7,0.949,0.3,2.4,2.7,1.5,0.8,0.5,0.1,0.2,1.4,0.6,9.3,3.6,15.9,0,0,17.0,230,110,315,99,215,224,234,170,51,110,24,346,401,32,444,256,315,233,310,280,456,356,351,407,202,45,259,253,39,235,2,13745455,15.39,0.7195121951219512,11.07329268292683,0.8055966632553692,18.997017296528277,-7.923724613601447
1628436,Luke Kornet,Luke,1610612738,BOS,27.0,69,45,24,0.652,11.7,1.6,2.5,0.665,0.0,0.2,0.231,0.5,0.6,0.821,1.2,1.6,2.9,0.8,0.4,0.2,0.7,0.1,1.2,0.6,3.8,0.9,10.5,0,0,9.1,123,35,285,73,418,399,463,19,480,487,452,405,421,172,116,373,292,408,457,485,81,452,405,426,424,167,383,253,39,409,1,2133278,10.58,0.8414634146341463,8.902682926829268,4.173240865386166,12.759713313584092,-3.8570303867548237
1630201,Malachi Flynn,Malachi,1610612761,TOR,25.0,53,29,24,0.547,13.0,1.6,4.6,0.36,0.9,2.5,0.353,0.5,0.6,0.758,0.3,1.2,1.4,1.3,0.5,0.4,0.1,0.2,1.2,0.6,4.6,-0.8,9.3,0,0,9.2,277,220,285,192,387,397,339,494,243,251,238,402,407,281,432,439,452,282,424,356,470,395,386,402,383,310,411,253,39,406,1,2145720,8.98,0.6463414634146342,5.804146341463415,2.70498776236574,12.766396344350484,-6.962250002887069
1631103,Malaki Branham,Malaki,1610612759,SAS,20.0,66,15,51,0.227,23.5,4.1,9.3,0.44,1.2,3.9,0.302,0.9,1.1,0.829,0.4,2.3,2.7,1.9,1.2,0.5,0.1,0.6,1.7,0.9,10.2,-5.5,17.0,0,0,17.2,162,369,10,497,199,151,142,321,190,150,380,279,301,160,362,268,307,193,192,303,445,106,246,325,170,517,242,253,39,226,1,2925600,16.29,0.8048780487804879,13.111463414634146,4.481632285559935,13.185297006148742,-0.07383359151459601
1627763,Malcolm Brogdon,Malcolm,1610612738,BOS,30.0,67,46,21,0.687,26.0,5.3,10.9,0.484,2.0,4.4,0.444,2.4,2.7,0.87,0.6,3.6,4.2,3.7,1.5,0.7,0.3,0.8,1.6,2.5,14.9,2.7,26.9,0,0,26.7,145,32,327,42,163,108,108,196,80,117,30,97,107,88,285,131,161,93,143,204,275,63,275,100,98,67,121,253,39,108,1,22600000,26.240000000000002,0.8170731707317073,21.44,0.9486725663716814,23.753101258705094,-2.3131012587050925
1627736,Malik Beasley,Malik,1610612747,LAL,26.0,81,45,36,0.556,25.8,4.6,11.6,0.395,2.9,8.1,0.357,0.6,0.8,0.769,0.4,3.1,3.5,1.5,1.1,0.8,0.1,0.3,1.3,0.6,12.7,-1.1,20.8,1,0,22.4,11,35,91,172,170,129,93,451,16,13,226,350,365,254,358,176,229,236,203,146,437,258,364,416,126,339,186,192,39,154,2,15558035,20.2,0.9878048780487805,19.953658536585365,1.2825307653945608,19.970617031823817,-0.01695849523845183
1628370,Malik Monk,Malik,1610612758,SAC,25.0,77,47,30,0.61,22.3,4.6,10.3,0.448,1.9,5.2,0.359,2.4,2.7,0.889,0.4,2.2,2.6,3.9,1.9,0.6,0.3,0.7,1.6,1.9,13.5,0.9,23.3,0,0,23.7,46,22,184,110,214,124,114,289,94,79,220,96,112,62,364,281,320,86,87,222,284,79,279,154,115,168,160,253,39,143,1,9472219,22.32,0.9390243902439024,20.9590243902439,2.2126836795310476,16.70171367491964,4.257310715324259
1630699,MarJon Beauchamp,MarJon,1610612749,MIL,22.0,52,34,18,0.654,13.5,1.8,4.7,0.395,0.9,2.7,0.331,0.5,0.7,0.73,0.7,1.5,2.2,0.7,0.9,0.4,0.1,0.3,1.4,0.5,5.1,-1.9,9.5,0,0,10.0,283,149,365,71,380,371,330,450,237,234,317,386,384,337,253,385,364,419,274,350,410,251,357,429,356,401,406,253,39,392,1,2485200,8.94,0.6341463414634146,5.6692682926829265,2.281212092661728,12.948742854925538,-7.279474562242611
203935,Marcus Smart,Marcus,1610612738,BOS,29.0,61,43,18,0.705,32.1,4.1,9.9,0.415,1.9,5.6,0.336,1.4,1.9,0.746,0.8,2.4,3.1,6.3,2.3,1.5,0.4,0.3,2.8,2.9,11.5,3.9,28.0,6,0,26.6,214,53,365,29,77,147,125,408,92,62,282,182,181,310,243,261,261,24,52,14,201,283,45,78,145,36,107,92,39,109,1,17207142,26.919999999999998,0.7439024390243902,20.025853658536583,1.1638105653185509,20.856409735414292,-0.8305560768777092
1631109,Mark Williams,Mark,1610612766,CHA,21.0,43,18,25,0.419,19.3,3.7,5.8,0.637,0.0,0.0,0.0,1.6,2.3,0.691,2.2,4.9,7.1,0.4,0.9,0.7,1.0,0.5,2.2,1.8,9.0,-1.8,22.3,11,0,19.9,327,339,268,390,269,182,264,31,492,524,492,165,150,386,36,65,47,483,254,216,30,173,139,175,216,393,172,56,39,189,1,3722040,21.869999999999997,0.524390243902439,11.46841463414634,3.0812174598194377,13.61309261968237,-2.1446779855360294
1628365,Markelle Fultz,Markelle,1610612753,ORL,25.0,60,29,31,0.483,29.6,5.8,11.3,0.514,0.5,1.5,0.31,1.9,2.4,0.783,1.2,2.8,3.9,5.7,2.3,1.5,0.4,0.7,2.2,1.9,14.0,-2.2,30.5,3,0,27.8,222,220,164,312,115,89,102,125,355,353,362,133,139,227,134,205,189,40,53,20,163,84,140,159,111,426,88,130,39,98,1,16500000,29.48,0.7317073170731707,21.570731707317073,1.3073170731707318,20.47657918227106,1.0941525250460131
203486,Mason Plumlee,Mason,1610612746,LAC,33.0,79,28,51,0.354,26.0,4.2,6.1,0.68,0.0,0.0,0.0,2.5,4.0,0.636,2.9,6.0,8.9,3.1,1.5,0.6,0.6,0.5,2.7,3.2,10.8,-3.4,28.2,23,0,25.2,27,230,10,436,164,146,250,14,492,524,492,90,65,440,16,34,26,116,141,257,96,161,55,67,155,473,106,28,39,120,2,9080417,27.480000000000004,0.9634146341463414,26.474634146341465,2.9155747083356927,16.49126319908505,9.983370947256414
1629680,Matisse Thybulle,Matisse,1610612757,POR,26.0,71,38,33,0.535,16.9,1.5,3.6,0.435,0.8,2.1,0.365,0.3,0.4,0.679,0.6,1.4,2.0,0.7,0.3,1.2,0.5,0.1,1.6,0.5,4.1,-0.2,12.1,0,0,10.8,109,95,138,214,305,407,389,344,277,297,204,463,462,398,311,399,394,410,468,45,154,472,289,451,407,262,343,253,39,362,2,4379526,12.2,0.8658536585365854,10.56341463414634,2.411999525552843,13.966251208853894,-3.4028365747075533
1629622,Max Strus,Max,1610612748,MIA,27.0,80,42,38,0.525,28.4,4.1,9.9,0.41,2.5,7.0,0.35,1.0,1.1,0.876,0.6,2.6,3.2,2.1,0.9,0.5,0.2,0.3,2.1,1.1,11.5,-1.8,19.8,2,0,20.7,15,60,69,225,133,154,124,421,39,32,246,258,294,72,293,223,253,179,276,289,393,290,165,285,143,389,201,155,39,179,1,1815677,19.240000000000002,0.975609756097561,18.770731707317076,10.338144784186326,12.589118774568105,6.181612932748971
1628969,Mikal Bridges,Mikal,1610612751,BKN,26.0,83,42,41,0.506,35.7,7.1,15.3,0.468,2.0,5.3,0.382,3.8,4.3,0.895,1.0,3.4,4.4,3.3,1.5,1.1,0.7,0.7,1.9,3.4,20.1,0.4,34.3,2,0,33.5,1,60,48,263,15,59,53,234,69,72,141,48,56,58,176,142,145,111,128,58,69,93,199,63,54,201,62,155,39,60,2,20100000,33.480000000000004,1.0121951219512195,33.88829268292683,1.6859847105933745,22.410264342133768,11.478028340793063
201144,Mike Conley,Mike,1610612750,MIN,35.0,67,34,33,0.507,30.3,3.9,9.1,0.428,2.0,5.2,0.385,2.1,2.5,0.834,0.5,2.2,2.7,6.7,1.5,1.1,0.2,0.2,2.1,2.6,11.9,0.9,27.6,6,0,26.0,145,149,138,257,105,167,145,369,71,75,135,114,123,143,336,280,309,20,127,60,330,353,166,98,139,164,115,92,39,115,2,22680000,26.840000000000003,0.8170731707317073,21.930243902439027,0.9669419710070118,23.796072040035376,-1.865828137596349
203488,Mike Muscala,Mike,1610612738,BOS,31.0,63,32,31,0.508,15.0,2.1,4.6,0.449,1.3,3.3,0.391,0.6,0.8,0.769,0.6,2.6,3.2,0.8,0.4,0.2,0.4,0.2,1.6,0.8,6.1,3.2,12.6,0,0,12.6,189,178,164,255,341,336,335,288,166,189,110,343,359,254,306,219,254,403,455,449,198,415,303,356,321,48,332,253,39,318,2,3500000,12.340000000000002,0.7682926829268293,9.480731707317075,2.7087804878048787,13.49382721610017,-4.0130955087830955
1630540,Miles McBride,Miles,1610612752,NYK,22.0,64,36,28,0.563,11.9,1.2,3.4,0.358,0.6,2.1,0.299,0.4,0.7,0.667,0.2,0.6,0.8,1.1,0.4,0.6,0.1,0.2,0.9,0.6,3.5,0.8,7.8,0,0,7.4,181,126,214,164,415,452,408,495,310,296,385,413,402,403,474,511,506,327,446,259,423,393,448,410,436,174,439,253,39,441,1,1563518,7.610000000000001,0.7804878048780488,5.939512195121952,3.7988128023610552,12.45367540894982,-6.514163213827868
1629011,Mitchell Robinson,Mitchell,1610612752,NYK,25.0,59,35,24,0.593,26.9,3.2,4.7,0.671,0.0,0.0,0.0,1.0,2.1,0.484,4.5,4.9,9.4,0.9,0.7,0.9,1.8,0.5,2.7,1.9,7.4,3.1,27.7,13,0,23.3,230,137,285,125,151,224,327,15,492,524,492,248,168,496,2,66,16,370,336,96,7,177,58,151,260,51,110,50,39,145,1,17045454,27.080000000000002,0.7195121951219512,19.48439024390244,1.1430842642209729,20.76956148926766,-1.2851712453652198
1628964,Mo Bamba,Mo,1610612747,LAL,25.0,49,25,24,0.51,15.7,2.4,4.9,0.485,1.0,2.5,0.387,0.8,1.3,0.661,1.2,3.4,4.6,0.9,0.6,0.3,0.9,0.3,2.1,1.0,6.6,0.2,16.3,2,0,15.4,299,262,285,254,324,296,315,187,223,247,128,287,264,425,122,145,132,358,375,434,46,291,148,299,297,221,251,155,39,263,2,10300000,16.17,0.5975609756097561,9.662560975609757,0.9381127160786171,17.146343629174176,-7.483782653564418
1628420,Monte Morris,Monte,1610612764,WAS,28.0,62,28,34,0.452,27.4,4.0,8.3,0.48,1.3,3.3,0.382,1.0,1.2,0.831,0.4,3.0,3.4,5.3,1.0,0.7,0.2,0.3,1.2,1.2,10.3,0.1,24.0,2,0,22.0,203,230,121,359,148,158,164,206,172,188,141,243,267,154,363,185,242,48,239,191,329,266,392,281,168,226,149,155,39,161,1,9125000,23.53,0.7560975609756098,17.7909756097561,1.949695957233545,16.515210278385652,1.2757653313704473
1626149,Montrezl Harrell,Montrezl,1610612755,PHI,29.0,57,35,22,0.614,11.9,2.2,3.7,0.598,0.0,0.1,0.0,1.2,1.8,0.693,1.2,1.6,2.8,0.6,0.6,0.3,0.4,0.3,1.3,1.7,5.6,0.3,11.4,1,0,10.5,246,137,315,108,413,322,379,51,492,499,492,211,202,382,127,371,298,444,374,416,158,243,365,186,338,206,364,192,39,370,1,2463490,11.06,0.6951219512195121,7.688048780487804,3.1207956113025843,12.937081659142033,-5.249032878654228
1629021,Moritz Wagner,Moritz,1610612753,ORL,26.0,57,27,30,0.474,19.5,3.5,6.9,0.5,0.9,2.9,0.313,2.7,3.2,0.841,1.2,3.3,4.5,1.5,1.2,0.6,0.2,0.5,2.4,2.6,10.5,-0.5,19.6,3,0,19.2,246,238,184,325,261,205,215,140,240,227,356,78,86,135,120,153,134,248,186,218,311,128,99,94,163,293,205,130,39,199,1,1878720,18.75,0.6951219512195121,13.033536585365853,6.937455600284158,12.622981361660667,0.4105552237051864
1630541,Moses Moody,Moses,1610612744,GSW,21.0,63,37,26,0.587,13.0,1.7,3.6,0.476,0.8,2.1,0.363,0.6,0.8,0.698,0.4,1.2,1.7,0.8,0.5,0.3,0.1,0.2,0.9,0.9,4.8,-0.1,8.7,0,0,8.8,189,110,250,132,389,384,384,215,272,291,212,361,354,377,350,433,423,394,397,423,437,415,457,334,373,244,425,253,39,411,1,3740160,8.49,0.7682926829268293,6.522804878048781,1.7439908661791959,13.622825501653677,-7.100020623604896
1626167,Myles Turner,Myles,1610612754,IND,27.0,62,29,33,0.468,29.4,6.5,11.8,0.548,1.5,4.0,0.373,3.5,4.5,0.783,1.4,6.1,7.5,1.4,1.7,0.6,2.3,0.5,3.5,4.1,18.0,-0.8,36.0,18,0,34.1,203,220,138,337,117,71,90,82,133,142,168,54,53,228,97,30,40,253,114,258,5,141,7,39,69,312,52,35,39,56,1,35096500,35.25000000000001,0.7560975609756098,26.65243902439025,0.7594044712261978,30.465405869878516,-3.8129668454882655
1630230,Naji Marshall,Naji,1610612740,NOP,25.0,77,40,37,0.519,23.3,3.2,7.4,0.433,0.9,2.8,0.303,1.8,2.3,0.789,0.6,3.0,3.6,2.5,1.3,0.7,0.2,0.5,1.5,1.7,9.1,0.1,18.5,0,0,17.8,46,74,82,236,202,222,198,350,248,229,376,137,149,218,288,182,216,155,170,184,354,140,331,185,211,229,226,253,39,221,1,1782621,17.920000000000005,0.9390243902439024,16.827317073170736,9.439649299077447,12.571363247722433,4.255953825448303
1629642,Nassir Little,Nassir,1610612757,POR,23.0,54,22,32,0.407,18.1,2.5,5.6,0.442,1.1,2.9,0.367,0.6,0.9,0.717,0.5,2.1,2.6,0.9,0.7,0.4,0.4,0.4,1.2,0.7,6.6,-3.5,12.7,0,0,12.7,270,290,156,405,293,285,280,314,204,221,191,353,351,351,330,303,323,360,345,369,206,232,387,389,294,477,328,253,39,317,1,4171548,12.419999999999998,0.6585365853658537,8.179024390243901,1.9606688908395402,13.854538994360027,-5.675514604116126
1629675,Naz Reid,Naz,1610612750,MIN,23.0,68,32,36,0.471,18.4,4.6,8.5,0.537,1.1,3.2,0.346,1.3,1.9,0.677,1.1,3.8,4.9,1.1,1.4,0.6,0.8,0.5,2.6,1.6,11.5,-1.9,21.9,4,0,21.4,133,178,91,330,285,131,157,95,203,199,261,208,193,399,148,110,116,326,153,234,62,156,73,196,146,397,175,118,39,170,1,1930681,21.129999999999995,0.8292682926829268,17.522439024390238,9.075781563287896,12.650891421269453,4.871547603120785
1630208,Nick Richards,Nick,1610612766,CHA,25.0,65,21,44,0.323,18.7,3.0,4.8,0.629,0.0,0.0,1.0,2.1,2.8,0.749,2.3,4.1,6.4,0.6,0.9,0.2,1.1,0.6,2.4,2.4,8.2,-1.7,19.6,14,0,17.7,171,303,30,452,281,238,323,37,487,520,1,113,105,305,29,92,64,443,262,479,27,112,102,106,235,386,206,46,39,222,1,1782621,19.33,0.7926829268292683,15.322560975609756,8.595523656239749,12.571363247722433,2.751197727887323
1629638,Nickeil Alexander-Walker,Nickeil,1610612750,MIN,24.0,59,29,30,0.492,15.0,2.2,5.0,0.444,1.0,2.7,0.384,0.7,1.0,0.667,0.3,1.5,1.7,1.8,0.9,0.5,0.4,0.2,1.5,1.2,6.2,-0.9,12.7,0,0,12.5,230,220,184,297,343,319,311,307,209,237,138,326,309,403,444,389,415,202,253,280,217,348,327,278,315,325,330,253,39,322,2,5009633,12.290000000000001,0.7195121951219512,8.842804878048781,1.7651602179338848,14.304703585249898,-5.461898707201117
201587,Nicolas Batum,Nicolas,1610612746,LAC,34.0,78,44,34,0.564,21.9,2.1,4.9,0.42,1.6,4.1,0.391,0.4,0.6,0.708,0.8,3.0,3.8,1.6,0.6,0.7,0.6,0.1,1.9,0.5,6.1,2.1,16.2,0,0,15.6,38,40,121,163,221,340,317,392,122,138,113,414,409,364,229,179,195,230,363,192,109,487,201,433,317,93,252,253,39,258,1,19700319,16.060000000000002,0.9512195121951219,15.27658536585366,0.7754486293269495,22.19558178147291,-6.918996415619251
1626181,Norman Powell,Norman,1610612746,LAC,30.0,60,31,29,0.517,26.1,5.7,11.8,0.479,1.9,4.8,0.397,3.8,4.6,0.812,0.4,2.5,2.9,1.8,1.7,0.8,0.3,0.7,2.1,3.7,17.0,-2.1,24.9,0,0,25.9,222,191,199,246,161,92,89,210,91,98,94,49,49,185,373,239,286,204,111,133,252,94,161,49,76,421,140,253,39,116,1,16758621,23.929999999999996,0.7317073170731707,17.509756097560974,1.044820817748726,20.6154935127513,-3.105737415190326
1628384,OG Anunoby,OG,1610612761,TOR,25.0,67,33,34,0.493,35.6,6.3,13.2,0.476,2.1,5.5,0.387,2.1,2.5,0.838,1.4,3.5,5.0,2.0,2.0,1.9,0.7,1.0,3.0,2.3,16.8,2.0,31.7,2,0,31.1,145,162,121,292,17,76,76,217,59,67,129,115,127,139,98,134,112,191,81,3,67,31,34,115,78,99,79,155,39,81,1,17357143,30.6,0.8170731707317073,25.002439024390245,1.4404697261749957,20.936980487543337,4.065458536846908
1630167,Obi Toppin,Obi,1610612752,NYK,25.0,67,37,30,0.552,15.7,2.8,6.3,0.446,1.3,3.7,0.344,0.6,0.7,0.809,0.4,2.4,2.8,1.0,0.6,0.3,0.2,0.2,1.0,0.5,7.4,0.9,13.2,0,0,13.5,145,110,184,181,325,258,246,300,170,159,265,371,390,192,356,262,297,352,388,388,360,343,432,438,256,171,316,253,39,295,1,5348280,12.86,0.8170731707317073,10.507560975609755,1.9646617184608426,14.48660266256435,-3.979041686954595
1630534,Ochai Agbaji,Ochai,1610612762,UTA,23.0,59,29,30,0.492,20.5,2.8,6.5,0.427,1.4,3.9,0.355,0.9,1.2,0.812,0.7,1.3,2.1,1.1,0.7,0.3,0.3,0.3,1.7,0.8,7.9,-0.3,13.0,0,0,13.5,230,220,184,297,241,256,229,370,152,149,231,261,282,187,254,414,386,325,336,430,288,241,263,347,246,280,322,253,39,294,1,3918360,12.82,0.7195121951219512,9.224146341463415,2.35408342813407,13.718542917066882,-4.494396575603467
1630168,Onyeka Okongwu,Onyeka,1610612737,ATL,22.0,80,41,39,0.513,23.1,4.0,6.2,0.638,0.1,0.2,0.308,1.9,2.5,0.781,2.7,4.5,7.2,1.0,1.0,0.7,1.3,0.5,3.1,2.1,9.9,0.8,25.1,12,0,22.2,15,65,60,251,206,160,248,30,475,490,366,128,130,230,18,75,45,341,224,185,16,130,22,137,179,175,135,53,39,157,1,6395160,24.54,0.975609756097561,23.941463414634146,3.7436848201818482,15.048918307052425,8.892545107581721
1629052,Oshae Brissett,Oshae,1610612754,IND,25.0,65,27,38,0.415,16.7,1.9,4.9,0.386,0.7,2.4,0.31,1.6,2.2,0.717,1.0,2.4,3.4,0.7,0.5,0.5,0.2,0.3,1.2,1.4,6.1,0.3,12.8,1,0,12.3,171,238,69,395,308,363,316,470,286,267,364,159,156,352,174,259,243,418,403,302,333,242,390,226,318,205,327,192,39,326,1,1846738,12.58,0.7926829268292683,9.971951219512196,5.3997650015931855,12.605802717554353,-2.633851498042157
1631094,Paolo Banchero,Paolo,1610612753,ORL,20.0,72,31,41,0.431,33.7,6.7,15.6,0.427,1.2,4.0,0.298,5.5,7.4,0.738,1.2,5.7,6.9,3.7,2.8,0.8,0.5,1.3,2.2,5.0,20.0,-3.0,35.2,14,0,34.5,102,191,48,377,47,67,51,373,186,144,386,15,12,324,128,41,49,89,35,133,117,11,131,19,58,456,58,46,39,55,1,11055120,33.53,0.8780487804878049,29.440975609756098,2.663107737388296,17.55194483415071,11.889030775605388
1627783,Pascal Siakam,Pascal,1610612761,TOR,29.0,71,35,36,0.493,37.4,8.9,18.5,0.48,1.3,4.0,0.324,5.2,6.7,0.774,1.8,6.0,7.8,5.8,2.4,0.9,0.5,0.5,3.2,5.6,24.2,1.7,44.3,24,2,42.1,109,137,91,290,2,23,21,205,163,141,337,21,17,244,56,33,38,35,49,109,130,149,18,15,26,115,19,25,11,22,1,35448672,42.86000000000001,0.8658536585365854,37.110487804878055,1.0468794939589854,30.654569694911622,6.455918109966433
1626192,Pat Connaughton,Pat,1610612749,MIL,30.0,61,43,18,0.705,23.7,2.7,6.9,0.392,1.8,5.3,0.339,0.4,0.7,0.659,0.8,3.8,4.6,1.3,0.5,0.6,0.2,0.2,1.1,0.8,7.6,2.2,16.9,2,0,16.9,214,53,365,29,193,264,219,457,99,73,274,411,395,426,221,111,128,292,396,241,357,336,412,345,251,87,243,155,39,236,1,5728393,16.720000000000002,0.7439024390243902,12.438048780487806,2.171298090142874,14.69077457011182,-2.252725789624014
201976,Patrick Beverley,Patrick,1610612741,CHI,34.0,67,34,33,0.507,27.1,2.1,5.4,0.4,1.2,3.6,0.335,0.7,1.0,0.723,0.7,3.0,3.7,2.9,0.9,0.9,0.6,0.2,2.8,1.4,6.2,-1.2,18.7,2,0,17.1,145,149,138,257,149,326,290,436,184,170,288,321,329,344,273,181,209,125,266,99,93,385,47,233,313,350,220,155,39,229,2,13801614,18.14,0.8170731707317073,14.82170731707317,1.0739111611926815,19.027182247887367,-4.205474930814198
1630172,Patrick Williams,Patrick,1610612741,CHI,21.0,82,40,42,0.488,28.3,3.8,8.3,0.464,1.4,3.4,0.415,1.1,1.3,0.857,1.0,3.0,4.0,1.2,1.2,0.9,0.9,0.5,1.8,1.2,10.2,-1.7,20.7,1,0,20.2,2,74,42,301,137,174,166,243,149,181,56,234,261,104,178,180,184,306,177,120,49,174,236,265,172,385,187,192,39,183,1,7775400,20.4,1.0,20.4,2.6236592329655064,15.790293197343788,4.609706802656211
202331,Paul George,Paul,1610612746,LAC,33.0,56,32,24,0.571,34.6,8.2,17.9,0.457,2.8,7.6,0.371,4.6,5.3,0.871,0.8,5.3,6.1,5.1,3.1,1.5,0.4,0.7,2.8,4.1,23.8,2.8,41.2,8,1,41.5,253,178,285,149,37,31,26,261,20,20,178,31,36,85,228,53,70,52,21,16,215,88,41,36,29,65,29,80,17,26,1,42492492,39.82000000000001,0.6829268292682927,27.194146341463423,0.6399753241458144,34.438050306784994,-7.2439039653215715
1630194,Paul Reed,Paul,1610612755,PHI,24.0,69,44,25,0.638,10.9,1.8,3.0,0.593,0.0,0.1,0.167,0.6,0.7,0.745,1.6,2.2,3.8,0.4,0.7,0.7,0.7,0.2,1.8,0.7,4.2,-0.2,12.8,5,0,11.1,123,40,268,89,431,376,427,56,489,504,469,378,378,311,81,290,201,486,356,215,68,324,239,395,404,271,325,105,39,352,1,1782621,12.509999999999998,0.8414634146341463,10.52670731707317,5.905185295737663,12.571363247722433,-2.044655930649263
1630202,Payton Pritchard,Payton,1610612738,BOS,25.0,48,32,16,0.667,13.4,2.1,5.1,0.412,1.2,3.2,0.364,0.3,0.3,0.75,0.5,1.3,1.8,1.3,0.8,0.3,0.0,0.2,0.8,0.3,5.6,0.3,9.9,1,1,10.6,302,178,379,56,384,331,304,415,190,194,209,465,473,290,323,415,404,277,289,419,490,375,468,485,335,213,401,192,17,365,1,2239200,9.41,0.5853658536585366,5.508292682926829,2.4599377826575695,12.81660770233492,-7.3083150194080915
1630173,Precious Achiuwa,Precious,1610612761,TOR,23.0,55,30,25,0.545,20.7,3.6,7.3,0.485,0.5,2.0,0.269,1.6,2.3,0.702,1.8,4.1,6.0,0.9,1.1,0.6,0.5,0.6,1.9,1.7,9.2,-0.7,20.0,10,0,18.9,267,207,268,195,234,193,203,188,340,311,416,163,151,372,61,91,74,366,213,265,113,120,218,189,203,303,199,64,39,205,1,2840160,19.400000000000002,0.6707317073170732,13.01219512195122,4.581500733040118,13.139404211688001,-0.12720908973678036
1629656,Quentin Grimes,Quentin,1610612752,NYK,23.0,71,41,30,0.577,29.9,4.0,8.5,0.468,2.2,5.7,0.386,1.1,1.4,0.796,0.7,2.5,3.2,2.1,1.0,0.7,0.4,0.3,2.5,1.1,11.3,2.6,20.4,0,0,20.9,109,65,184,145,112,159,158,233,53,57,131,233,244,207,265,235,252,180,237,211,209,298,83,284,149,71,193,253,39,175,1,2277000,20.09,0.8658536585365854,17.395,7.6394378568291605,12.836911396513479,4.558088603486521
1629628,RJ Barrett,RJ,1610612752,NYK,23.0,73,40,33,0.548,33.9,7.0,16.1,0.434,1.7,5.3,0.31,4.0,5.4,0.74,0.8,4.2,5.0,2.8,2.2,0.4,0.2,1.3,2.5,3.7,19.6,-0.8,29.4,3,0,30.3,92,74,138,190,46,61,46,348,112,71,363,43,32,316,219,84,105,135,58,340,331,10,87,52,60,323,100,130,39,86,1,10900634,28.3,0.8902439024390244,25.19390243902439,2.3112327630690466,17.468965032593335,7.7249374064310565
203526,Raul Neto,Raul,1610612739,CLE,31.0,48,31,17,0.646,10.5,1.2,2.3,0.518,0.3,0.9,0.286,0.6,0.7,0.912,0.2,0.8,1.0,1.6,0.5,0.4,0.1,0.1,1.0,1.0,3.3,0.2,7.7,0,0,7.0,302,191,376,82,437,458,469,121,415,415,396,338,385,46,471,489,497,221,410,381,457,467,431,307,446,217,443,253,39,447,1,2463490,7.650000000000002,0.5853658536585366,4.478048780487806,1.8177661693320475,12.937081659142033,-8.459032878654227
202704,Reggie Jackson,Reggie,1610612743,DEN,33.0,68,36,32,0.529,24.4,3.9,9.4,0.411,1.4,4.2,0.333,1.0,1.1,0.91,0.4,1.8,2.1,3.4,1.7,0.7,0.1,0.2,1.7,1.1,10.2,-1.2,18.5,1,0,18.7,133,126,156,219,185,170,138,419,145,128,292,241,285,47,390,351,381,106,109,195,454,331,265,283,171,347,224,192,39,207,2,11457217,17.67,0.8292682926829268,14.653170731707318,1.2789467749198884,17.76792511240774,-3.1147543807004237
1626158,Richaun Holmes,Richaun,1610612758,SAC,29.0,42,22,20,0.524,8.3,1.3,2.1,0.618,0.1,0.2,0.625,0.4,0.5,0.789,0.7,1.2,1.9,0.2,0.3,0.1,0.3,0.2,1.2,0.5,3.1,-1.6,6.4,1,0,6.0,335,290,341,226,468,435,480,40,453,486,5,441,449,217,264,434,399,516,469,510,283,369,400,449,452,377,471,192,39,469,1,11215260,6.429999999999999,0.5121951219512195,3.293414634146341,0.2936547734199957,17.637961595678604,-14.344546961532263
203496,Robert Covington,Robert,1610612746,LAC,32.0,48,20,28,0.417,16.2,2.1,4.8,0.445,1.1,2.8,0.397,0.6,0.8,0.75,0.6,2.8,3.5,1.2,0.7,0.8,0.7,0.2,1.8,0.7,6.0,-0.1,15.7,0,0,14.7,302,310,214,391,314,329,325,303,199,228,95,348,356,290,276,199,234,310,345,154,75,375,238,376,323,257,262,253,39,274,1,12307692,15.45,0.5853658536585366,9.04390243902439,0.7348170915411589,18.22474480305614,-9.18084236403175
1629641,Romeo Langford,Romeo,1610612759,SAS,23.0,43,14,29,0.326,19.6,2.8,6.0,0.467,0.4,1.4,0.262,0.9,1.3,0.696,1.3,1.3,2.7,1.2,0.7,0.6,0.3,0.3,1.6,1.5,6.9,-4.2,13.7,0,0,12.8,327,386,199,450,255,255,256,235,384,357,422,270,255,379,106,412,318,316,335,268,251,275,302,206,277,498,303,253,39,315,1,5634257,13.590000000000003,0.524390243902439,7.126463414634149,1.2648452874326017,14.640210851720477,-7.513747437086328
1626220,Royce O'Neale,Royce,1610612751,BKN,30.0,76,42,34,0.553,31.7,3.0,7.8,0.386,2.1,5.5,0.389,0.7,0.9,0.725,0.7,4.3,5.1,3.7,1.5,0.9,0.6,0.4,3.1,1.2,8.8,1.0,23.5,4,1,22.8,55,60,121,179,82,239,178,468,57,65,119,335,339,339,256,78,103,91,135,126,88,220,21,276,218,152,157,118,17,150,1,9200000,22.72,0.926829268292683,21.057560975609757,2.2888653234358434,16.555495385882793,4.502065589726964
200752,Rudy Gay,Rudy,1610612762,UTA,36.0,56,29,27,0.518,14.6,1.9,5.1,0.38,0.6,2.3,0.254,0.8,0.9,0.857,0.6,2.3,2.9,1.0,0.7,0.3,0.3,0.0,1.2,0.6,5.2,1.0,11.6,0,0,11.1,253,220,229,241,354,354,303,474,322,279,429,308,346,104,301,267,287,338,352,393,237,496,391,401,350,154,357,253,39,355,1,6184500,10.93,0.6829268292682927,7.464390243902439,1.2069512885281655,14.93576549711446,-7.47137525321202
203497,Rudy Gobert,Rudy,1610612750,MIN,31.0,70,34,36,0.486,30.7,5.1,7.8,0.659,0.0,0.0,0.0,3.1,4.9,0.644,3.3,8.3,11.6,1.2,1.7,0.8,1.4,0.6,3.0,4.6,13.4,-0.1,34.0,35,0,30.6,116,149,91,307,95,111,179,20,492,510,492,62,43,437,7,7,5,299,100,147,15,117,31,28,116,240,64,14,39,83,1,38172414,33.17,0.8536585365853658,28.315853658536586,0.741788393538239,32.11758621843795,-3.801732559901364
1629060,Rui Hachimura,Rui,1610612747,LAL,25.0,63,38,25,0.603,23.3,4.5,9.3,0.486,0.8,2.5,0.319,1.4,1.9,0.739,0.8,3.7,4.5,0.9,0.8,0.3,0.4,0.6,1.1,1.3,11.2,-0.4,19.3,2,0,18.9,189,95,268,117,203,132,140,184,265,246,346,187,188,318,211,120,138,361,285,415,173,99,411,239,150,290,212,155,39,204,2,6263188,18.849999999999998,0.7682926829268293,14.48231707317073,2.312291611423883,14.978031557630924,-0.49571448446019417
201566,Russell Westbrook,Russell,1610612746,LAC,34.0,73,36,37,0.493,29.1,5.9,13.6,0.436,1.2,3.9,0.311,2.8,4.3,0.656,1.2,4.6,5.8,7.5,3.5,1.0,0.5,1.1,2.2,2.9,15.9,-0.3,35.1,24,4,33.4,92,126,82,288,121,85,69,338,180,147,360,71,55,429,119,71,79,11,7,71,152,18,132,77,87,276,59,25,7,61,2,47080179,33.36,0.8902439024390244,29.698536585365854,0.6308076395666604,36.902256492894736,-7.203719907528882
1630180,Saddiq Bey,Saddiq,1610612737,ATL,24.0,77,24,53,0.312,27.6,4.6,10.9,0.422,2.0,5.4,0.361,2.7,3.1,0.861,1.3,3.4,4.7,1.5,0.9,0.9,0.2,0.7,1.6,2.0,13.8,-1.9,24.0,4,0,24.1,46,271,9,457,146,127,109,382,81,69,216,79,91,98,112,143,124,235,258,111,371,72,286,146,113,403,146,118,39,137,2,2959080,23.64,0.9390243902439024,22.198536585365854,7.501837255284025,13.203280278135466,8.995256307230388
1630573,Sam Hauser,Sam,1610612738,BOS,25.0,80,55,25,0.688,16.1,2.3,5.0,0.455,1.8,4.2,0.418,0.2,0.2,0.706,0.4,2.1,2.6,0.9,0.4,0.4,0.3,0.1,1.2,0.3,6.4,2.7,12.3,0,0,12.8,15,4,268,39,316,314,314,269,102,132,53,488,493,366,352,302,329,376,451,374,281,481,380,490,307,66,337,253,39,314,1,1637966,12.370000000000001,0.975609756097561,12.06829268292683,7.36785298530423,12.493664018055782,-0.4253713351289523
1630567,Scottie Barnes,Scottie,1610612761,TOR,21.0,77,38,39,0.494,34.8,6.0,13.2,0.456,0.8,2.9,0.281,2.5,3.2,0.772,2.3,4.3,6.6,4.8,2.0,1.1,0.8,0.6,2.2,2.7,15.3,2.3,34.1,15,1,31.3,46,95,60,286,32,80,77,266,262,222,404,92,85,249,27,79,54,61,76,64,57,105,134,88,92,82,63,44,17,77,1,7644600,33.12,0.9390243902439024,31.100487804878046,4.068294980100731,15.720035969868775,15.380451835009271
203552,Seth Curry,Seth,1610612751,BKN,32.0,61,37,24,0.607,19.8,3.4,7.4,0.463,1.5,3.8,0.405,0.8,0.9,0.927,0.2,1.4,1.6,1.6,0.8,0.6,0.1,0.2,1.6,0.9,9.2,-1.1,14.9,0,0,15.4,214,110,285,114,253,213,202,245,127,154,75,288,341,36,469,396,432,223,286,249,435,336,295,319,204,344,282,253,39,262,1,8496653,14.420000000000002,0.7439024390243902,10.727073170731709,1.2625057385221814,16.177703259178916,-5.450630088447207
1631101,Shaedon Sharpe,Shaedon,1610612757,POR,20.0,80,32,48,0.4,22.2,3.8,8.1,0.472,1.3,3.5,0.36,0.9,1.3,0.714,0.8,2.2,3.0,1.2,1.0,0.5,0.3,0.4,1.7,1.1,9.9,-3.7,16.5,0,0,16.8,15,178,18,407,216,175,171,223,169,171,218,263,252,354,232,294,281,314,219,315,252,208,258,285,181,483,248,253,39,238,1,6012960,16.2,0.975609756097561,15.804878048780488,2.6284688487501144,14.843625399247001,0.9612526495334865
1628983,Shai Gilgeous-Alexander,Shai,1610612760,OKC,24.0,68,33,35,0.485,35.5,10.4,20.3,0.51,0.9,2.5,0.345,9.8,10.9,0.905,0.9,4.0,4.8,5.5,2.8,1.6,1.0,1.4,2.8,7.2,31.4,2.2,50.4,3,0,47.8,133,162,100,309,20,5,7,131,251,258,262,2,3,50,202,102,118,44,32,7,38,3,44,4,4,88,6,130,39,9,1,30913750,49.00999999999999,0.8292682926829268,40.642439024390235,1.3147042666900728,28.218705424763037,12.423733599627198
1629003,Shake Milton,Shake,1610612755,PHI,26.0,76,52,24,0.684,20.6,3.2,6.6,0.479,0.7,1.9,0.378,1.3,1.5,0.853,0.5,2.0,2.5,3.2,1.2,0.3,0.2,0.5,1.6,1.4,8.4,1.9,16.4,3,0,15.8,55,8,285,45,237,228,228,208,288,312,150,201,227,114,328,318,331,115,175,400,368,153,280,237,230,106,249,130,39,255,1,1997718,15.900000000000002,0.926829268292683,14.736585365853662,7.376709508476002,12.68689932461993,2.0496860412337323
1631323,Simone Fontecchio,Simone,1610612762,UTA,27.0,52,25,27,0.481,14.7,2.2,6.0,0.369,1.2,3.7,0.33,0.7,0.8,0.795,0.6,1.1,1.7,0.8,0.8,0.3,0.2,0.3,1.2,0.7,6.3,-3.9,10.1,0,0,10.9,283,262,229,315,350,320,257,485,181,161,321,328,352,208,299,453,430,396,319,421,390,265,399,387,310,492,394,253,39,360,1,3205128,9.84,0.6341463414634146,6.24,1.946880124600328,13.335441213194882,-7.095441213194881
203915,Spencer Dinwiddie,Spencer,1610612751,BKN,30.0,79,41,38,0.519,34.5,5.8,13.3,0.438,2.3,6.2,0.369,3.4,4.2,0.812,0.4,3.1,3.4,6.5,1.8,0.8,0.3,0.8,2.4,3.2,17.3,-0.1,32.8,9,0,31.9,27,65,69,237,39,88,73,330,49,46,185,56,58,186,397,175,239,22,93,130,248,58,103,69,74,241,70,70,39,72,2,19500000,31.73,0.9634146341463414,30.569146341463416,1.5676485303314571,22.087983482156652,8.481162859306764
201939,Stephen Curry,Stephen,1610612744,GSW,35.0,56,30,26,0.536,34.7,10.0,20.2,0.493,4.9,11.4,0.427,4.6,5.0,0.915,0.7,5.4,6.1,6.3,3.2,0.9,0.4,0.7,2.1,3.9,29.4,4.8,46.8,12,1,49.3,253,207,250,212,33,9,9,168,1,1,42,30,42,43,263,50,72,23,19,106,215,68,160,44,7,24,11,53,17,7,1,48070014,45.27000000000001,0.6829268292682927,30.91609756097562,0.6431472551885593,37.433931284620485,-6.517833723644866
203500,Steven Adams,Steven,1610612763,MEM,29.0,42,28,14,0.667,27.0,3.7,6.3,0.597,0.0,0.0,0.0,1.1,3.1,0.364,5.1,6.5,11.5,2.3,1.9,0.9,1.1,0.3,2.3,3.1,8.6,5.8,29.9,15,0,26.4,335,230,393,56,150,179,244,52,492,518,492,230,94,506,1,26,6,170,88,124,26,243,109,72,227,14,93,44,39,113,1,17926829,29.0,0.5121951219512195,14.853658536585366,0.8285714409718175,21.24297864420488,-6.389320107619513
201959,Taj Gibson,Taj,1610612764,WAS,38.0,49,21,28,0.429,9.8,1.3,2.6,0.52,0.2,0.5,0.333,0.6,0.9,0.714,0.7,1.2,1.9,0.7,0.5,0.3,0.2,0.2,1.7,0.7,3.4,-0.1,7.9,0,0,7.3,299,303,214,378,449,433,460,116,441,462,292,352,350,354,275,431,400,414,402,413,299,410,252,373,440,239,438,253,39,442,1,2905851,7.479999999999999,0.5975609756097561,4.469756097560975,1.53819177155366,13.174689131642596,-8.704933034081622
1629659,Talen Horton-Tucker,Talen,1610612762,UTA,22.0,65,30,35,0.462,20.2,4.0,9.4,0.419,0.9,3.1,0.286,1.9,2.6,0.75,0.6,2.6,3.2,3.8,1.9,0.6,0.4,0.7,1.7,1.9,10.7,-0.1,21.6,2,0,20.8,171,207,100,347,246,161,137,394,242,204,396,125,118,290,282,225,251,88,83,230,157,78,267,156,159,250,176,155,39,177,1,10260000,20.39,0.7926829268292683,16.16280487804878,1.5753221128702517,17.124858238509034,-0.9620533604602528
1631106,Tari Eason,Tari,1610612745,HOU,22.0,82,22,60,0.268,21.6,3.6,8.0,0.448,0.7,2.1,0.343,1.3,1.8,0.752,2.4,3.7,6.0,1.1,1.2,1.2,0.6,0.8,2.3,1.3,9.3,-1.9,22.1,7,0,20.6,2,290,1,475,226,190,173,290,291,295,267,196,203,289,25,116,73,333,177,44,105,51,111,242,201,404,173,86,39,181,1,3359160,21.75,1.0,21.75,6.474832993962776,13.418177155568207,8.331822844431793
1627752,Taurean Prince,Taurean,1610612750,MIN,29.0,54,31,23,0.574,22.1,3.3,7.0,0.467,1.4,3.6,0.381,1.2,1.4,0.844,0.3,2.2,2.4,1.6,1.3,0.5,0.3,0.3,2.3,1.6,9.1,0.0,15.5,0,0,16.1,270,191,303,147,219,220,210,236,153,167,143,215,238,128,434,292,340,229,166,294,267,311,117,201,208,234,266,253,39,248,1,7100000,14.830000000000002,0.6585365853658537,9.766097560975611,1.3755066987289595,15.427512375962879,-5.661414814987268
1629611,Terance Mann,Terance,1610612746,LAC,26.0,81,44,37,0.543,23.1,3.4,6.5,0.519,1.0,2.4,0.389,1.1,1.5,0.78,1.0,2.5,3.4,2.3,1.0,0.5,0.3,0.4,1.8,1.4,8.8,0.0,17.7,1,0,17.0,11,40,82,201,205,216,235,118,229,264,120,226,237,232,179,248,241,172,235,294,272,196,224,236,219,232,232,192,39,233,1,1930681,17.23,0.9878048780487805,17.019878048780487,8.815479123055797,12.650891421269453,4.368986627511035
1629056,Terence Davis,Terence,1610612758,SAC,26.0,64,38,26,0.594,13.1,2.4,5.7,0.423,1.4,3.8,0.366,0.5,0.7,0.791,0.3,1.9,2.2,1.0,0.8,0.7,0.2,0.2,1.6,0.5,6.7,0.7,12.7,0,0,13.1,181,95,250,123,386,293,276,379,150,155,195,383,396,214,424,339,371,336,294,203,348,357,276,427,288,182,331,253,39,307,1,4000000,12.34,0.7804878048780488,9.631219512195122,2.4078048780487804,13.762394599414435,-4.131175087219313
203082,Terrence Ross,Terrence,1610612756,PHX,32.0,63,27,36,0.429,21.1,3.2,7.4,0.43,1.5,4.1,0.368,0.4,0.5,0.794,0.3,2.1,2.4,1.5,0.7,0.6,0.2,0.3,1.5,0.5,8.3,-1.2,14.9,0,0,15.2,189,238,91,378,230,227,201,361,131,136,189,416,426,209,400,306,340,239,340,271,387,315,309,434,232,352,278,253,39,266,2,11500000,14.780000000000001,0.7682926829268293,11.355365853658538,0.9874231177094381,17.79090534912841,-6.43553949546987
1626179,Terry Rozier,Terry,1610612766,CHA,29.0,63,19,44,0.302,35.3,7.8,18.9,0.415,2.6,8.0,0.327,2.8,3.5,0.809,0.8,3.3,4.1,5.1,2.1,1.2,0.3,1.0,1.9,3.0,21.1,-4.6,35.8,1,0,35.7,189,324,30,459,24,39,17,413,32,14,329,70,77,191,225,158,167,55,65,42,289,25,207,76,41,506,54,192,39,51,1,21486316,35.02,0.7682926829268293,26.905609756097565,1.252220704382155,23.154902863267168,3.7507068928303973
201152,Thaddeus Young,Thaddeus,1610612761,TOR,35.0,54,23,31,0.426,14.7,2.0,3.7,0.545,0.1,0.6,0.176,0.3,0.5,0.692,1.3,1.8,3.1,1.4,0.8,1.0,0.1,0.2,1.6,0.7,4.4,-1.7,12.7,0,0,11.2,270,281,164,383,349,344,379,87,454,442,468,445,444,383,109,350,265,266,312,80,452,398,274,378,389,383,329,253,39,351,1,8000000,12.32,0.6585365853658537,8.113170731707317,1.0141463414634146,15.910933665928555,-7.797762934221238
1629033,Theo Pinson,Theo,1610612742,DAL,27.0,40,19,21,0.475,8.1,0.8,2.2,0.356,0.6,1.6,0.355,0.3,0.3,0.846,0.3,1.3,1.6,1.2,0.3,0.2,0.0,0.1,0.9,0.4,2.4,-1.3,6.2,1,1,6.0,350,324,327,322,472,489,475,497,333,344,232,461,480,126,446,413,438,318,481,489,489,440,458,470,479,354,475,192,17,469,1,1968175,6.2700000000000005,0.4878048780487805,3.0585365853658537,1.553996258140589,12.671030752209422,-9.612494166843568
1628418,Thomas Bryant,Thomas,1610612743,DEN,25.0,59,33,26,0.559,18.3,3.9,6.3,0.623,0.4,1.0,0.441,1.6,2.1,0.738,1.5,4.3,5.7,0.5,0.6,0.3,0.5,0.6,1.7,1.7,9.8,-1.6,19.2,9,0,18.1,230,162,250,168,287,166,245,39,358,400,34,164,164,322,95,81,82,457,362,430,129,121,250,188,184,373,214,70,39,217,2,1968175,18.89,0.7195121951219512,13.591585365853659,6.905679304865502,12.671030752209422,0.9205546136442369
202699,Tobias Harris,Tobias,1610612755,PHI,30.0,74,47,27,0.635,32.9,5.7,11.4,0.501,1.7,4.4,0.389,1.5,1.7,0.876,0.9,4.8,5.7,2.5,1.2,0.9,0.5,0.7,2.0,1.5,14.7,4.0,28.5,7,0,27.5,79,22,229,91,60,90,99,139,109,122,120,171,208,73,189,68,83,153,182,107,118,74,176,215,100,34,104,86,39,101,1,37633050,27.689999999999998,0.9024390243902439,24.988536585365853,0.6640050855661673,31.827875062170115,-6.8393384768042615
1628470,Torrey Craig,Torrey,1610612756,PHX,32.0,79,44,35,0.557,24.7,2.9,6.3,0.456,1.3,3.2,0.395,0.4,0.6,0.711,1.8,3.6,5.4,1.5,0.9,0.6,0.8,0.3,2.3,0.7,7.4,-2.2,19.5,4,0,18.4,27,40,100,171,182,248,242,265,171,197,99,424,420,361,58,130,92,246,257,228,60,287,120,384,255,430,209,118,39,210,1,5121951,18.980000000000004,0.9634146341463414,18.285609756097564,3.570047772049667,14.36503348796808,3.9205762681294836
1629027,Trae Young,Trae,1610612737,ATL,24.0,73,38,35,0.521,34.8,8.2,19.0,0.429,2.1,6.3,0.335,7.8,8.8,0.886,0.8,2.2,3.0,10.2,4.1,1.1,0.1,1.2,1.4,6.4,26.2,1.4,44.6,40,0,43.9,92,95,100,233,31,32,16,363,60,43,287,6,6,65,241,283,280,3,1,59,427,14,339,7,14,134,17,6,39,17,1,37096500,42.54999999999999,0.8902439024390244,37.879878048780476,1.0211173034863257,31.539675403135575,6.340202645644901
1630200,Tre Jones,Tre,1610612759,SAS,23.0,68,20,48,0.294,29.2,5.0,10.9,0.459,0.7,2.3,0.285,2.2,2.5,0.86,0.8,2.8,3.6,6.6,1.6,1.3,0.1,0.6,1.4,2.7,12.9,-4.8,29.8,6,2,26.6,133,310,18,463,120,115,107,254,304,278,401,108,122,99,216,204,218,21,117,31,415,109,333,90,122,507,95,92,11,110,1,1782621,28.919999999999995,0.8292682926829268,23.98243902439024,13.453470493385996,12.571363247722433,11.411075776667806
1630544,Tre Mann,Tre,1610612760,OKC,22.0,67,31,36,0.463,17.7,2.9,7.5,0.393,1.2,3.8,0.315,0.6,0.8,0.764,0.4,1.9,2.3,1.8,0.9,0.6,0.2,0.2,1.5,0.8,7.7,0.9,14.5,1,1,14.6,145,191,91,346,301,246,195,454,182,152,351,347,360,268,371,332,354,206,255,245,382,329,330,358,250,171,288,192,17,278,1,3046200,14.21,0.8170731707317073,11.610609756097562,3.8115060587281078,13.250075459004144,-1.6394657029065822
1630570,Trendon Watford,Trendon,1610612757,POR,22.0,62,26,36,0.419,19.1,2.9,5.2,0.56,0.4,1.0,0.391,1.2,1.6,0.72,0.7,3.2,3.8,2.1,1.1,0.5,0.2,0.2,1.9,1.5,7.4,-2.9,16.1,3,0,15.2,203,253,91,387,275,247,298,73,373,398,114,222,219,348,270,168,194,182,194,296,340,340,203,217,257,454,254,130,39,268,1,1563518,15.56,0.7560975609756098,11.764878048780488,7.524619511115631,12.45367540894982,-0.6887973601693318
1626168,Trey Lyles,Trey,1610612758,SAC,27.0,74,43,31,0.581,16.9,2.5,5.5,0.458,1.2,3.2,0.363,1.4,1.7,0.815,0.9,3.1,4.1,0.9,0.9,0.4,0.4,0.3,1.3,1.4,7.6,1.4,15.3,1,0,15.3,79,53,164,139,306,279,285,257,189,191,214,190,214,181,187,170,176,373,275,373,170,297,367,232,252,130,270,192,39,264,1,2625000,14.92,0.9024390243902439,13.46439024390244,5.1292915214866435,13.023834295300206,0.440555948602233
1629660,Ty Jerome,Ty,1610612744,GSW,25.0,45,22,23,0.489,18.1,2.6,5.4,0.488,0.8,2.0,0.389,0.8,0.9,0.927,0.2,1.6,1.7,3.0,0.7,0.5,0.1,0.2,1.4,0.9,6.9,-2.0,14.6,0,0,13.6,321,290,303,300,289,272,289,180,272,305,120,285,338,37,495,376,413,119,345,301,437,358,340,328,282,418,285,253,39,292,1,4728948,14.190000000000001,0.5487804878048781,7.787195121951221,1.6467077079196517,14.153937913278769,-6.366742791327548
1629639,Tyler Herro,Tyler,1610612748,MIA,23.0,67,37,30,0.552,34.9,7.3,16.6,0.439,3.0,8.0,0.378,2.5,2.7,0.934,0.4,5.0,5.4,4.2,2.4,0.8,0.2,0.8,1.5,1.9,20.1,2.5,33.5,6,1,34.7,145,110,184,181,30,58,41,325,13,15,152,86,109,35,371,62,93,75,50,163,302,61,321,153,55,75,66,92,17,54,1,5722116,32.28,0.8170731707317073,26.375121951219512,4.6093301763228,14.687402975181692,11.68771897603782
1630169,Tyrese Haliburton,Tyrese,1610612754,IND,23.0,56,28,28,0.5,33.6,7.4,15.0,0.49,2.9,7.2,0.4,3.1,3.6,0.871,0.6,3.1,3.7,10.4,2.5,1.6,0.4,0.8,1.2,2.8,20.7,-0.6,44.5,32,0,41.8,253,230,214,264,49,49,55,177,17,29,84,63,72,86,301,174,211,2,44,9,156,50,382,84,47,300,18,16,39,23,1,4215120,42.99000000000001,0.6829268292682927,29.35902439024391,6.9651692929842834,13.877943030411565,15.481081359832345
1630178,Tyrese Maxey,Tyrese,1610612755,PHI,22.0,60,39,21,0.65,33.6,7.3,15.2,0.481,2.7,6.2,0.434,3.0,3.6,0.845,0.4,2.6,2.9,3.5,1.3,0.8,0.1,0.6,2.2,2.7,20.3,4.0,30.6,0,0,31.3,222,89,327,77,51,51,54,201,29,47,37,65,74,127,381,233,283,97,156,143,411,100,136,93,52,33,86,253,39,78,1,2726880,29.78,0.7317073170731707,21.790243902439023,7.990906788138467,13.07855758532432,8.711686317114703
1626145,Tyus Jones,Tyus,1610612763,MEM,27.0,80,51,29,0.638,24.2,3.9,8.9,0.438,1.5,4.1,0.371,1.0,1.2,0.806,0.4,2.2,2.5,5.2,0.9,1.0,0.1,0.2,0.4,1.0,10.3,1.2,23.5,9,1,21.7,15,10,199,90,187,169,149,331,129,137,177,256,270,195,399,295,332,51,256,72,471,387,515,311,166,147,156,70,17,165,1,15000000,23.05,0.975609756097561,22.48780487804878,1.4991869918699188,19.670877032328264,2.8169278457205174
1630586,Usman Garuba,Usman,1610612745,HOU,21.0,75,21,54,0.28,12.9,1.1,2.4,0.486,0.3,0.8,0.407,0.4,0.6,0.617,1.6,2.5,4.1,0.9,0.6,0.6,0.4,0.3,1.8,0.6,3.0,-3.4,11.5,0,0,10.2,70,303,8,472,391,460,466,185,403,422,72,433,405,450,84,245,169,387,368,253,195,317,233,405,455,471,360,253,39,381,1,2471160,11.37,0.9146341463414634,10.399390243902438,4.208303081913935,12.941201482802073,-2.5418112388996352
203506,Victor Oladipo,Victor,1610612748,MIA,31.0,42,23,19,0.548,26.3,3.8,9.6,0.397,1.7,5.0,0.33,1.4,1.9,0.747,0.4,2.7,3.0,3.5,2.1,1.4,0.3,0.4,2.4,1.6,10.7,-0.8,22.4,0,0,22.2,335,281,346,191,157,176,134,445,110,87,318,185,189,309,383,215,267,101,70,29,259,215,104,195,160,320,170,253,39,159,1,8750000,21.499999999999993,0.5121951219512195,11.012195121951216,1.2585365853658532,16.313784740899955,-5.301589618948739
1631117,Walker Kessler,Walker,1610612762,UTA,21.0,74,34,40,0.459,23.0,4.0,5.6,0.72,0.0,0.0,0.333,1.1,2.1,0.516,3.1,5.3,8.4,0.9,0.8,0.4,2.3,0.5,2.3,1.7,9.2,1.0,27.9,20,0,23.9,79,149,54,349,208,157,282,10,490,511,292,231,163,481,12,55,32,359,308,384,4,176,116,179,205,158,109,30,39,142,1,2696400,27.53,0.9024390243902439,24.844146341463418,9.21382077639201,13.062185717637483,11.781960623825935
1629117,Wenyen Gabriel,Wenyen,1610612747,LAL,26.0,68,37,31,0.544,15.1,2.3,3.8,0.596,0.1,0.5,0.278,0.8,1.2,0.619,1.7,2.5,4.2,0.5,0.7,0.4,0.5,0.3,2.1,1.3,5.5,-0.5,13.3,0,0,12.1,133,110,164,199,338,307,370,53,445,453,409,305,268,449,69,242,158,456,341,362,126,309,154,244,344,292,315,253,39,328,1,1878720,12.939999999999998,0.8292682926829268,10.730731707317071,5.711724848469741,12.622981361660667,-1.8922496543435958
202083,Wesley Matthews,Wesley,1610612749,MIL,36.0,52,37,15,0.712,15.8,1.1,3.1,0.363,0.8,2.4,0.315,0.5,0.5,0.857,0.7,1.5,2.2,0.7,0.3,0.4,0.3,0.0,1.4,0.6,3.4,1.0,8.6,0,0,8.3,283,110,388,28,323,463,424,490,278,267,354,406,427,104,274,380,370,425,465,361,291,493,357,415,438,153,427,253,39,429,1,2905851,8.74,0.6341463414634146,5.542439024390244,1.9073376523401386,13.174689131642596,-7.632250107252352
203115,Will Barton,Will,1610612761,TOR,32.0,56,27,29,0.482,17.7,2.5,6.5,0.379,1.2,3.2,0.367,0.7,0.8,0.787,0.3,2.2,2.4,2.0,0.9,0.5,0.2,0.4,1.0,0.6,6.8,-3.0,14.0,0,0,13.9,253,238,199,313,299,288,231,475,187,192,193,334,355,221,441,289,339,186,279,303,307,180,433,419,286,457,298,253,39,288,2,15059712,13.43,0.6829268292682927,9.17170731707317,0.6090227566817461,19.702950423513187,-10.531243106440016
1629139,Yuta Watanabe,Yuta,1610612751,BKN,28.0,58,30,28,0.517,16.0,2.0,4.0,0.491,1.0,2.3,0.444,0.6,0.8,0.723,0.5,1.9,2.4,0.8,0.4,0.4,0.3,0.2,1.4,0.7,5.6,-0.1,11.5,0,0,11.3,240,207,214,242,318,349,363,173,208,277,30,362,363,342,325,331,342,393,450,335,257,417,354,398,340,248,359,253,39,347,1,1968175,11.18,0.7073170731707317,7.90780487804878,4.0178362584875735,12.671030752209422,-4.763225874160642
1628380,Zach Collins,Zach,1610612759,SAS,25.0,63,20,43,0.317,22.9,4.5,8.7,0.518,0.9,2.3,0.374,1.7,2.3,0.761,1.8,4.5,6.4,2.9,2.0,0.6,0.8,0.6,3.2,2.3,11.6,-3.8,25.6,9,0,24.4,189,310,37,455,210,132,153,120,245,272,164,146,152,274,57,74,65,129,73,251,63,123,19,113,142,486,130,70,39,131,1,7350000,24.830000000000005,0.7682926829268293,19.076707317073176,2.595470383275262,15.56179606762001,3.5149112494531654
203897,Zach LaVine,Zach,1610612741,CHI,28.0,77,38,39,0.494,35.9,8.7,18.0,0.485,2.6,7.1,0.375,4.7,5.6,0.848,0.5,3.9,4.5,4.2,2.5,0.9,0.2,1.0,2.1,3.8,24.8,0.2,37.5,2,0,38.5,46,95,60,286,12,24,25,190,30,30,159,26,28,123,316,103,140,74,43,116,305,27,167,47,21,216,44,155,39,33,1,37096500,36.050000000000004,0.9390243902439024,33.85182926829268,0.912534316398924,31.539675403135575,2.312153865157107
1630192,Zeke Nnaji,Zeke,1610612743,DEN,22.0,53,34,19,0.642,13.7,2.1,3.7,0.561,0.3,1.2,0.262,0.8,1.2,0.645,1.2,1.4,2.6,0.3,0.6,0.3,0.4,0.2,2.0,1.2,5.2,-1.8,10.5,1,0,10.0,277,149,346,85,375,337,377,71,402,381,423,307,281,435,118,406,324,496,381,405,162,339,181,282,351,391,380,192,39,389,1,2617800,9.97,0.6463414634146342,6.444024390243903,2.461618301720492,13.019966924980482,-6.575942534736579
